PVC_Nr,Batch,Subject,Sow,Test_Nr,HAT_disturbance_freq,HAT_exploration_human_dur,HAT_exploration_human_freq,HAT_jumping_freq,HAT_latency_to_touch_the_human_dur,HAT_pig_not_visible_dur,HAT_pig_not_visible_freq,HAT_pig_visible_not_exploring_dur,HAT_pig_visible_not_exploring_freq,HAT_tail_wagging_freq,HAT_touching_not_visible_freq,NPT_back_dur,NPT_back_freq,NPT_climbing_freq,NPT_facing_back_dur,NPT_facing_back_freq,NPT_facing_fence_dur,NPT_facing_fence_freq,NPT_front_dur,NPT_front_freq,NPT_latency_back_dur,NPT_latency_front_dur,NPT_latency_middle_dur,NPT_middle_dur,NPT_middle_freq,NPT_sudden_display_dur,NPT_sudden_display_freq,NPT_tail_wagging_freq,NPT_turn_back_freq,NPT_walking_by_fence_dur,NPT_walking_by_fence_freq,NPT_latency_nose_nose_dur,NPT_nose_nose_freq,NPT_NP_not_visible_dur,NPT_NP_walking_by_fence_dur,NPT_Sback_NPback_freq,NPT_Sback_NPback_dur,NPT_Sfront_NPback_freq,NPT_Sfront_NPback_dur,NPT_Smiddle_NPback_freq,NPT_Smiddle_NPback_dur,NPT_Smiddle_NPfront_freq,NPT_Smiddle_NPfront_dur,NPT_Sfront_NPfront_freq,NPT_Sfront_NPfront_dur,NPT_Sfaceback_NPfaceback_freq,NPT_Sfaceback_NPfaceback_dur,NPT_Sfaceback_NPfacefence_freq,NPT_Sfaceback_NPfacefence_dur,NPT_Sfacefence_NPfacefence_freq,NPT_Sfacefence_NPfacefence_dur,NPT_Swalkfence_NPwalkfence_freq,NPT_Swalkfence_NPwalkfence_dur,NPT_Swalkfence_NPnotwalkfence_dur,NPT_Snotwalkfence_NPwalkfence_dur
1,2,16,775,1,0,71.087,13,0,22.827,40.997,15,157.866,23,3,10,52.742,5,0,89.482,10,178.497,11,179.24,4,95.25,0,91.75,38.002,8,2,1,0,0,0,0,0,5,15,4.995,4,13.996,6,85.496,6,18.751,4,19.249,5,93.737,5,37.996,7,41.744,12,104.736,0,0,0,4.995
1,2,16,775,2,0,112.005,8,0,8.099,60.915,6,97.059,8,0,2,0,0,0,21.251,3,248.744,3,263.997,2,270,0,251.249,6,2,0,0,2,0,0,0,6.747,29,20.498,0,0,0,2,80.246,0,0,2,6,3,183.748,1,6.25,2,8.001,4,194.497,0,0,0,0
2,2,10,772,1,0,16.455,3,0,118.959,19.134,5,234.397,7,0,0,4.241,1,0,92.481,10,173.697,11,197.498,5,270,7.242,19.741,68.25,6,0,0,0,3,3.801,1,35.743,8,28,0,1,4.241,7,101.65,6,47.998,5,20.247,7,95.839,4,24.745,10,55.732,12,142.993,0,0,3.801,0
2,2,10,772,2,1,38.749,3,0,1.4,18.699,3,212.542,5,0,0,2.555,1,0,57.441,7,212.546,7,206.503,6,270,8.303,60.806,60.929,7,0,0,0,0,0,0,10.56,29,4.251,0,1,2.555,6,46.992,6,40.69,5,20.235,6,159.505,5,26.49,8,30.694,8,185.056,0,0,0,0
3,2,12,772,1,0,17.849,6,0,17.32,39.64,9,212.482,15,0,2,46.369,5,0,71.919,8,198.065,9,168.312,6,110.162,0,85.354,55.299,10,0,0,0,0,0,0,6.586,9,34.776,0,4,22.846,6,51.919,7,29.954,7,25.341,8,116.385,5,23.781,8,63.692,13,145.093,0,0,0,0
3,2,12,772,2,1,10.752,2,0,34.053,28.108,3,231.13,6,0,0,32.758,5,0,111.251,9,158.731,10,162.498,7,77.997,0,54.997,74.722,11,0,0,0,1,0,0,5.5,13,0,0,4,25.514,6,69.497,8,44.464,5,30.256,5,92.997,4,34.748,10,76.498,11,140.484,0,0,0,0
4,2,1,691,1,0,10.247,3,0,2.745,29.091,10,230.636,14,0,2,5.95,1,0,10.499,1,191.9,6,256.546,2,7.633,0,3.133,7.5,2,0,0,0,0,67.59,5,39.334,15,2.197,0,0,0,2,28.543,1,1.648,2,5.851,3,228,2,0.999,1,9.498,6,175.051,0,0,67.59,0
4,2,1,691,2,1,47.593,4,0,42.213,22.743,3,199.65,8,0,0,0,0,0,18.747,4,155.978,19,258.499,3,270,0,226.25,11.497,2,0,0,0,0,95.239,14,0,29,0,46,0,0,7,100.486,2,5.249,1,6.247,7,158.002,2,3.245,4,13.749,21,122.228,6,33.246,61.993,12.754
5,2,6,691,1,1,0.998,1,0,5.161,28.031,6,240.958,7,0,1,7.503,1,0,24.239,5,219.254,9,250.244,3,172.255,0,166.257,12.247,3,0,0,0,0,26.491,3,15.76,7,30.24,5.001,0,0,8,82.239,2,8.007,2,4.239,6,167.994,2,4.74,3,17.504,15,144.231,0,0,26.491,5.001
5,2,6,691,2,0,77.335,8,0,2.253,27.753,6,164.886,13,0,1,0,0,0,68.995,8,195.988,9,203.242,6,270,0,75.749,66.747,6,0,0,0,0,5,1,3.751,13,24,10.251,0,0,10,132.247,5,46.996,3,19.749,7,70.984,6,35.995,5,23.245,11,129.988,0,0,5,10.251
6,2,17,728,NA,NA,NA,NA,NA,NA,NA,NA,NA,NA,NA,NA,NA,NA,NA,NA,NA,NA,NA,NA,NA,NA,NA,NA,NA,NA,NA,NA,NA,NA,NA,NA,NA,NA,NA,NA,NA,NA,NA,NA,NA,NA,NA,NA,NA,NA,NA,NA,NA,NA,NA,NA,NA,NA,NA,NA
7,2,4,728,1,1,7.647,2,0,39.956,26.287,5,236.054,6,0,0,15.747,1,0,24.507,3,241.986,4,236.742,1,238.995,0,236.742,17.508,2,0,0,0,0,3.5,1,35.492,22,0,40.245,0,0,6,29.994,0,0,2,17.508,7,206.736,0,0,1,2.505,11,207.996,0,0,3.5,40.245
7,2,4,728,2,2,3.45,2,0,5.584,35.448,6,231.086,9,0,2,NA,NA,NA,NA,NA,NA,NA,NA,NA,NA,NA,NA,NA,NA,NA,NA,NA,NA,NA,NA,NA,NA,NA,NA,NA,NA,NA,NA,NA,NA,NA,NA,NA,NA,NA,NA,NA,NA,NA,NA,NA,NA,NA,NA
9,2,13,751,1,0,23.591,7,0,5.305,57.09,13,189.286,14,0,7,0,0,0,7.251,2,225.489,10,260.996,4,270,0,73.749,8.998,3,6.494,3,0,0,30.747,5,3.251,14,25.754,0,0,0,6,102.235,3,8.998,0,0,4,158.755,0,0,1,3.001,14,176.209,0,0,30.747,0
9,2,13,751,2,0,79.239,9,0,4.877,61.536,9,129.197,11,0,2,15.251,2,0,52.234,9,174.483,15,201.276,9,162.503,0,134.507,53.453,10,20.002,7,0,0,23.247,4,0,29,0,0,1,3.003,4,11.75,4,19.239,9,34.211,9,189.522,3,11.242,9,40.989,16,165.978,0,0,23.247,0
10,2,5,751,1,2,6.049,1,0,56.87,20.925,6,243.014,6,0,0,30.495,3,0,53.739,5,190.143,10,157.744,4,186.348,18.1,66.103,81.747,8,0,0,0,2,26.1,4,20.599,15,0,55.25,2,3.25,1,1.746,2,8.743,8,73.002,5,155.996,2,3.749,6,40.736,9,168.246,4,26.1,0,29.15
10,2,5,751,2,0,60.403,4,0,3.824,27.249,4,182.333,8,0,4,NA,NA,NA,NA,NA,NA,NA,NA,NA,NA,NA,NA,NA,NA,NA,NA,NA,NA,NA,NA,NA,NA,NA,NA,NA,NA,NA,NA,NA,NA,NA,NA,NA,NA,NA,NA,NA,NA,NA,NA,NA,NA,NA,NA
11,2,7,592,1,0,0,0,3,270,77.481,12,225.979,14,0,0,21.477,2,0,134.96,8,131.525,9,108.022,5,222.026,0,58.026,140.489,6,0,0,0,2,3.498,1,14.029,15,0,0,1,10.502,3,25.743,8,69.49,8,70.989,4,82.277,7,58.49,9,76.462,12,102.275,0,0,3.498,0
11,2,7,592,2,1,23.499,1,0,172.35,22.528,8,223.955,10,0,0,0,0,0,61.75,3,208.246,2,221.498,2,270,14.25,229.001,48.498,3,0,0,0,0,0,0,18.25,27,8.498,0,0,0,8,91.991,3,37.997,2,10.499,8,129.493,3,19.745,5,33.501,8,126.743,0,0,0,0
12,2,8,592,1,0,24.149,3,0,14.718,16.253,2,229.588,6,1,4,0,0,0,40.007,5,229.983,6,223.502,5,270,0,15.761,46.49,4,0,0,1,0,0,0,48.508,8,0,0,0,0,9,76.005,3,16.249,4,30.238,10,147.483,3,26.503,3,13.503,12,149.478,0,0,0,0
12,2,8,592,2,1,72.145,5,0,18.324,56.643,4,141.195,9,0,1,3.003,1,0,67.495,8,202.491,7,232.496,3,270,12.752,181.501,34.493,5,0,0,8,0,0,0,15.499,14,0,0,1,3.003,8,105.24,5,29.247,1,5.245,5,127.246,8,57.254,2,10.239,7,151.496,0,0,0,0
13,2,11,775,1,0,30.695,3,0,4.927,24.237,11,215.041,14,1,1,72.873,9,0,112.685,18,157.28,18,89.995,8,29.798,19.298,23.798,107.099,17,0,0,0,0,0,0,145.046,4,9.247,0,2,12.446,2,19.747,5,29.997,15,77.099,6,70.248,6,19.251,17,84.181,17,123.034,0,0,0,0
13,2,11,775,2,0,67.301,6,0,1.154,42.046,7,160.629,12,0,4,NA,NA,NA,NA,NA,NA,NA,NA,NA,NA,NA,NA,NA,NA,NA,NA,NA,NA,NA,NA,NA,NA,NA,NA,NA,NA,NA,NA,NA,NA,NA,NA,NA,NA,NA,NA,NA,NA,NA,NA,NA,NA,NA,NA
14,2,2,747,1,2,0,0,0,270,30.894,6,239.094,7,0,0,0,0,0,22.98,2,240.965,5,270,1,270,0,270,0,0,0,0,0,0,6.047,2,42.399,16,0,27.511,0,0,2,22.248,0,0,0,0,3,247.748,1,1.499,3,21.479,14,167.109,1,0.501,5.546,27.01
14,2,2,747,2,0,53.405,2,0,136.371,4.996,1,211.593,4,0,0,26.247,3,0,56.492,4,204.494,6,210.247,4,127.25,0,109.749,33.494,6,5.002,2,1,0,4,1,1.247,26,23.501,48.238,1,5.249,6,62.49,3,18.747,6,14.743,9,147.746,3,9.744,4,27.993,13,127.978,1,2.748,1.252,45.49
15,2,14,747,1,0,27.646,6,1,5.377,22.371,8,219.959,11,0,4,18.496,2,0,49.239,11,220.739,12,233.75,4,11.189,0,9.189,17.744,5,0,0,0,0,0,0,86.689,26,2.187,0,0,0,5,43.185,0,0,5,17.744,8,190.556,3,4.745,10,44.492,15,162.792,0,0,0,0
15,2,14,747,2,2,39.195,5,0,8.422,66.551,6,164.236,8,0,3,0,0,2,35.486,7,230.248,8,253.246,4,270,0.501,102.253,16.748,3,0,0,0,0,4.251,1,0.501,18,0,0,0,0,6,89.251,2,13.245,1,3.503,5,163.988,3,26.236,5,9.249,9,172.491,0,0,4.251,0
18,2,3,680,1,1,0,0,1,270,20.249,2,249.747,3,0,0,18.998,2,0,56.1,5,196.634,8,196.485,3,216.734,0,172.236,54.508,5,0,0,0,3,17.252,2,7.486,28,10.25,12.251,2,10.245,4,46.501,5,11.998,4,42.506,4,149.979,3,13.989,6,42.107,11,159.128,1,0.753,16.499,11.498
18,2,3,680,2,3,20.202,3,0,4.902,55.42,9,194.354,13,0,1,12.244,3,0,59.487,11,210.492,11,207.994,8,223,0,144.501,49.742,10,0,0,1,0,0,0,0.749,31,0,11.001,2,6.498,3,32.249,2,3.998,10,45.742,10,175.74,5,14.75,12,39.732,12,181.489,0,0,0,11.001
19,2,15,680,1,0,10.096,2,0,14.609,46.989,9,212.895,10,0,3,15.748,2,0,60.997,5,208.993,6,186.748,4,136.002,0,100.504,67.494,5,0,0,0,3,0,0,10.999,10,6.999,0,2,15.748,8,107.998,6,60.494,1,6.998,5,78.741,2,22.748,4,38,10,147.229,0,0,0,0
19,2,15,680,2,3,27.5,5,2,4.936,42.396,11,200.074,15,0,3,NA,NA,NA,NA,NA,NA,NA,NA,NA,NA,NA,NA,NA,NA,NA,NA,NA,NA,NA,NA,NA,NA,NA,NA,NA,NA,NA,NA,NA,NA,NA,NA,NA,NA,NA,NA,NA,NA,NA,NA,NA,NA,NA,NA
21,2,9,770,1,0,16.945,2,0,40.196,21.298,5,231.743,8,1,0,0,0,0,9.423,3,225.317,10,263.499,2,270,0,215.429,6.499,1,0,0,1,0,35.241,7,11.677,23,0,0,0,0,1,41.002,1,3.998,1,2.5,2,222.496,3,8.674,1,0.748,9,180.573,0,0,35.241,0
21,2,9,770,2,3,44.496,4,0,4.579,16.502,7,208.981,11,0,0,0,0,0,39,6,185.486,12,231.486,5,270,0,114.621,38.506,4,0,0,1,0,45.492,5,1.869,18,15.249,4.996,0,0,3,99.499,1,9.999,4,28.506,7,131.982,0,0,6,35.508,12,153.233,0,0,45.492,4.996
22,2,18,770,NA,NA,NA,NA,NA,NA,NA,NA,NA,NA,NA,NA,NA,NA,NA,NA,NA,NA,NA,NA,NA,NA,NA,NA,NA,NA,NA,NA,NA,NA,NA,NA,NA,NA,NA,NA,NA,NA,NA,NA,NA,NA,NA,NA,NA,NA,NA,NA,NA,NA,NA,NA,NA,NA,NA,NA
7395,5,2,766,1,0,4.041,2,4,7.834,11.846,4,254.101,7,0,0,0,0,6,4.499,3,183.994,13,265.202,3,270,0,217.541,4.751,2,0,0,0,0,78.984,9,0,32,4.249,31.498,0,0,4,85.003,2,3.998,1,0.752,5,177.694,1,0.748,3,3.75,12,146.236,4,26.495,52.489,5.003
7395,5,2,766,2,0,35.742,4,1,10.644,9.495,3,224.749,8,0,1,0,0,1,16.989,8,172.968,19,257.494,5,270,0,136.906,11.002,4,0,0,0,1,80.007,10,1.654,41,1.251,101.736,0,0,10,69.583,4,11.002,0,0,6,187.9,5,10.491,4,6.497,17,101.466,8,69.753,10.254,31.983
7641,1,2,672,1,1,12.947,4,0,54.129,12.644,3,244.395,8,0,0,NA,NA,NA,NA,NA,NA,NA,NA,NA,NA,NA,NA,NA,NA,NA,NA,NA,NA,NA,NA,NA,NA,NA,NA,NA,NA,NA,NA,NA,NA,NA,NA,NA,NA,NA,NA,NA,NA,NA,NA,NA,NA,NA,NA
7641,1,2,672,2,0,22.195,3,0,114.408,32.247,4,215.544,8,0,0,56.997,11,0,85.304,12,184.673,12,141.246,8,44.751,0,41.002,71.721,18,0,0,0,0,0,0,0,19,0,144.213,0,0,0,0,0,0,18,71.721,8,141.246,0,0,9,24.255,14,101.495,0,0,0,144.213
7710,1,1,631,1,1,0,0,0,270,32.595,7,237.391,8,0,0,NA,NA,NA,NA,NA,NA,NA,NA,NA,NA,NA,NA,NA,NA,NA,NA,NA,NA,NA,NA,NA,NA,NA,NA,NA,NA,NA,NA,NA,NA,NA,NA,NA,NA,NA,NA,NA,NA,NA,NA,NA,NA,NA,NA
7710,1,1,631,2,8,6.755,1,0,52.223,25.036,5,238.197,7,0,1,0,0,0,52.733,5,217.257,6,257.754,3,270,0,143.503,12.242,2,0,0,0,0,0,0,0,31,0,11.001,0,0,6,65.74,1,0.495,2,11.746,8,192.003,2,21.251,4,24.734,11,196.49,0,0,0,11.001
7712,1,14,713,1,4,17.794,5,1,69.6,61.703,8,190.478,13,0,0,NA,NA,NA,NA,NA,NA,NA,NA,NA,NA,NA,NA,NA,NA,NA,NA,NA,NA,NA,NA,NA,NA,NA,NA,NA,NA,NA,NA,NA,NA,NA,NA,NA,NA,NA,NA,NA,NA,NA,NA,NA,NA,NA,NA
7712,1,14,713,2,0,20.194,3,0,235.045,9.003,2,240.793,6,0,0,0,0,0,29.991,3,228.249,5,261.289,2,270,0,64.786,8.708,2,0,0,0,0,11.751,2,4.537,20,0,0,0,0,3,28.993,0,0,2,8.708,5,232.29,0,0,3,29.991,7,203.737,0,0,11.751,0
7765,1,13,721,1,0,3.887,2,0,92.861,23.712,5,242.387,8,0,1,NA,NA,NA,NA,NA,NA,NA,NA,NA,NA,NA,NA,NA,NA,NA,NA,NA,NA,NA,NA,NA,NA,NA,NA,NA,NA,NA,NA,NA,NA,NA,NA,NA,NA,NA,NA,NA,NA,NA,NA,NA,NA,NA,NA
7765,1,13,721,2,1,33.249,3,0,13.191,73.7,9,163.028,12,0,3,5.748,1,0,86.498,9,183.484,10,200.498,4,205.483,4.231,150.731,63.744,6,0,0,0,0,0,0,6.228,15,1.004,0,1,1.494,4,16.749,6,34.262,5,29.477,4,183.745,5,12.738,11,73.75,9,174.482,0,0,0,0
7773,5,17,757,1,0,0,0,0,270,0,0,270,1,0,0,0,0,0,1.498,1,180.491,8,269.002,1,270,0,269.202,0.797,1,0,0,4,0,87.996,7,1.001,30,53.999,0,0,0,1,75.745,1,0.797,0,0,1,193.256,0,0,0,0,6,136.497,0,0,87.996,0
7773,5,17,757,2,3,10.611,2,0,9.556,32.512,8,226.857,11,0,0,37.555,3,0,56.05,4,213.943,4,195.932,2,204.443,0,187.942,36.505,4,0,0,0,4,0,0,0,4,11.001,5.252,1,0.497,3,121.496,2,19.75,3,16.754,3,74.432,1,15.751,4,36.3,7,91.185,0,0,0,5.252
7804,1,15,693,1,1,57.149,3,0,58.554,8.797,2,204.045,5,0,4,NA,NA,NA,NA,NA,NA,NA,NA,NA,NA,NA,NA,NA,NA,NA,NA,NA,NA,NA,NA,NA,NA,NA,NA,NA,NA,NA,NA,NA,NA,NA,NA,NA,NA,NA,NA,NA,NA,NA,NA,NA,NA,NA,NA
7804,1,15,693,2,0,46.438,6,0,6.348,17.801,3,205.746,7,0,3,0,0,0,43.996,5,218.99,7,235.739,5,270,0,144.002,34.253,4,1.247,1,0,0,5.754,1,0,17,0,0,0,0,1,2.254,2,9.245,5,25.005,5,233.484,2,8.751,6,35.242,7,216.49,0,0,5.754,0
7829,1,18,766,NA,NA,NA,NA,NA,NA,NA,NA,NA,NA,NA,NA,NA,NA,NA,NA,NA,NA,NA,NA,NA,NA,NA,NA,NA,NA,NA,NA,NA,NA,NA,NA,NA,NA,NA,NA,NA,NA,NA,NA,NA,NA,NA,NA,NA,NA,NA,NA,NA,NA,NA,NA,NA,NA,NA,NA
7831,1,9,766,1,1,36.305,10,3,8.589,9.949,4,223.721,12,0,3,NA,NA,NA,NA,NA,NA,NA,NA,NA,NA,NA,NA,NA,NA,NA,NA,NA,NA,NA,NA,NA,NA,NA,NA,NA,NA,NA,NA,NA,NA,NA,NA,NA,NA,NA,NA,NA,NA,NA,NA,NA,NA,NA,NA
7831,1,9,766,2,NA,NA,NA,NA,NA,NA,NA,NA,NA,NA,NA,0,0,0,9.745,2,243.496,7,263.25,2,270,0,237.043,6.748,1,0,0,1,0,16.747,4,1.54,22,0,0,0,0,8,119,0,0,1,6.748,8,144.236,0,0,2,9.745,11,173.53,0,0,16.747,0
7832,1,3,693,1,0,32.394,4,0,3.541,28.595,4,208.995,9,0,0,NA,NA,NA,NA,NA,NA,NA,NA,NA,NA,NA,NA,NA,NA,NA,NA,NA,NA,NA,NA,NA,NA,NA,NA,NA,NA,NA,NA,NA,NA,NA,NA,NA,NA,NA,NA,NA,NA,NA,NA,NA,NA,NA,NA
7832,1,3,693,2,0,6.997,1,0,31.809,39.238,4,223.756,5,0,0,6.844,1,0,65.48,9,189.496,10,201.993,8,210,0,76.499,61.146,9,4.245,3,0,2,5.504,1,2.5,17,0,69.736,0,0,0,0,0,0,9,61.146,8,201.993,0,0,10,36.475,13,155.248,1,4.751,0.752999999999999,64.985
7834,1,12,656,1,1,111.888,9,0,9.319,14.961,6,143.128,9,4,2,NA,NA,NA,NA,NA,NA,NA,NA,NA,NA,NA,NA,NA,NA,NA,NA,NA,NA,NA,NA,NA,NA,NA,NA,NA,NA,NA,NA,NA,NA,NA,NA,NA,NA,NA,NA,NA,NA,NA,NA,NA,NA,NA,NA
7834,1,12,656,2,2,86.14,7,0,5.791,18.102,5,165.738,9,3,16,15.002,1,0,43.757,7,221.222,10,178.249,4,127.243,0,104.989,76.74,5,1.997,1,4,2,3.006,1,0.244,13,8.751,0,1,0.253,9,84.484,3,28.14,4,48.598,10,93.75,5,7.155,7,36.597,15,158.222,0,0,3.006,0
7835,1,4,670,1,0,40.543,5,0,13.985,15.499,2,213.945,7,0,0,NA,NA,NA,NA,NA,NA,NA,NA,NA,NA,NA,NA,NA,NA,NA,NA,NA,NA,NA,NA,NA,NA,NA,NA,NA,NA,NA,NA,NA,NA,NA,NA,NA,NA,NA,NA,NA,NA,NA,NA,NA,NA,NA,NA
7835,1,4,670,2,2,17.751,3,0,57.658,44.696,2,207.544,6,0,0,36.991,3,0,48.239,7,217.251,7,215.753,5,211.505,0,141.252,17.242,7,4.495,2,0,0,0,0,0,17,0,25.503,0,0,0,0,0,0,7,17.242,5,215.753,0,0,6,29.986,6,210.996,0,0,0,25.503
7848,5,14,766,1,5,0,0,0,270,17.797,4,252.195,5,0,0,5.855,1,0,0,0,128.849,11,260.643,1,270,9.356,270,3.5,1,0,0,0,0,141.13,11,18.604,10,32.495,0,0,0,3,151.128,0,0,1,3.5,3,109.51,0,0,0,0,8,114.603,0,0,141.13,0
7848,5,14,766,2,5,54.061,5,0,4.829,1.999,1,213.928,7,0,5,0,0,0,9.622,2,182.864,10,266.876,1,270,0,266.876,3.123,1,0,0,1,1,77.495,8,0,29,0,8.995,0,0,4,24.755,0,0,1,3.123,5,242.113,0,0,2,9.622,14,171.365,1,3.996,73.499,4.999
7865,1,7,685,1,1,9.108,4,0,192.258,35.743,8,225.126,12,0,4,NA,NA,NA,NA,NA,NA,NA,NA,NA,NA,NA,NA,NA,NA,NA,NA,NA,NA,NA,NA,NA,NA,NA,NA,NA,NA,NA,NA,NA,NA,NA,NA,NA,NA,NA,NA,NA,NA,NA,NA,NA,NA,NA,NA
7865,1,7,685,2,2,7.502,1,0,229.264,32.036,2,230.456,4,0,0,0,0,0,36.992,5,229.995,6,268.097,2,270,0,156.348,1.901,1,0,0,3,0,0,0,11.251,18,0,0,0,0,5,32.496,0,0,1,1.901,7,235.591,2,7.498,5,29.492,8,212.486,0,0,0,0
7907,1,6,721,1,0,0,0,0,270,51.47,4,218.523,4,0,0,NA,NA,NA,NA,NA,NA,NA,NA,NA,NA,NA,NA,NA,NA,NA,NA,NA,NA,NA,NA,NA,NA,NA,NA,NA,NA,NA,NA,NA,NA,NA,NA,NA,NA,NA,NA,NA,NA,NA,NA,NA,NA,NA,NA
7907,1,6,721,2,0,7.695,2,0,129.604,31.196,7,231.091,10,0,0,0,0,0,56.989,5,213.001,6,218.253,3,270,0,143.253,51.742,3,0,0,0,2,0,0,24.251,7,6.997,3.757,0,0,5,84.241,1,11.498,3,40.243,7,134.003,2,5.256,6,47.972,11,148.258,0,0,0,3.757
7910,5,1,783,1,1,10.791,4,0,57.994,30.348,8,228.839,11,0,2,20.437,2,0,55.987,10,213.993,11,129.244,4,213.028,0,61.024,119.809,5,0,0,0,4,0,0,0,10,4.25,75.485,1,3.748,4,32.236,5,16.75,7,103.052,6,97.002,4,8.496,9,24.497,19,108.983,0,0,0,75.485
7910,5,1,783,2,0,0,0,4,270,83.454,5,186.536,6,0,0,36.75,7,0,117.48,13,148.497,15,138.326,10,10.19,0,4.691,94.892,16,0,0,0,5,3.995,1,0,12,0,39.988,0,0,2,32.996,0,0,16,94.892,12,105.326,1,1.502,13,91.48,17,117.255,0,0,3.995,39.988
7914,1,11,765,1,3,0.852,1,1,228.895,6.498,1,262.646,3,0,0,NA,NA,NA,NA,NA,NA,NA,NA,NA,NA,NA,NA,NA,NA,NA,NA,NA,NA,NA,NA,NA,NA,NA,NA,NA,NA,NA,NA,NA,NA,NA,NA,NA,NA,NA,NA,NA,NA,NA,NA,NA,NA,NA,NA
7914,1,11,765,2,1,0,0,0,270,29.042,2,240.954,3,0,0,0,0,0,88.502,6,181.486,7,255.246,3,270,0,97.372,14.75,2,0,0,1,1,0,0,1.119,23,0,0,0,0,4,34.995,0,0,2,14.75,7,220.243,3,24.994,8,63.503,7,174.483,0,0,0,0
7924,1,17,765,NA,NA,NA,NA,NA,NA,NA,NA,NA,NA,NA,NA,NA,NA,NA,NA,NA,NA,NA,NA,NA,NA,NA,NA,NA,NA,NA,NA,NA,NA,NA,NA,NA,NA,NA,NA,NA,NA,NA,NA,NA,NA,NA,NA,NA,NA,NA,NA,NA,NA,NA,NA,NA,NA,NA,NA
7961,1,5,718,1,1,16.143,4,0,80.958,30.902,3,222.941,8,0,3,NA,NA,NA,NA,NA,NA,NA,NA,NA,NA,NA,NA,NA,NA,NA,NA,NA,NA,NA,NA,NA,NA,NA,NA,NA,NA,NA,NA,NA,NA,NA,NA,NA,NA,NA,NA,NA,NA,NA,NA,NA,NA,NA,NA
7961,1,5,718,2,3,31.799,2,0,58.717,19.741,3,218.45,6,0,0,0,0,0,5.743,2,251.346,6,263.503,2,270,0,236.752,6.494,2,3.157,3,0,0,9.742,2,4.75,32,10.738,0,0,0,5,78.506,2,6.494,0,0,3,184.991,1,1.5,1,0.748,6,191.351,0,0,9.742,0
7962,1,16,673,1,0,1.349,1,0,257.89,27.639,5,241,7,0,0,NA,NA,NA,NA,NA,NA,NA,NA,NA,NA,NA,NA,NA,NA,NA,NA,NA,NA,NA,NA,NA,NA,NA,NA,NA,NA,NA,NA,NA,NA,NA,NA,NA,NA,NA,NA,NA,NA,NA,NA,NA,NA,NA,NA
7962,1,16,673,2,2,51.344,4,0,152.677,55.012,8,163.624,9,0,1,165.49,9,0,179.1,13,90.876,12,31.083,4,4.334,0,0.586,73.402,13,0,0,0,1,0,0,0,2,0,0,5,18.236,1,0.586,3,5.164,12,68.236,3,30.497,5,11.644,17,165.946,12,88.375,0,0,0,0
7966,1,10,656,1,1,26.049,4,0,11.169,15.542,5,228.393,8,0,1,NA,NA,NA,NA,NA,NA,NA,NA,NA,NA,NA,NA,NA,NA,NA,NA,NA,NA,NA,NA,NA,NA,NA,NA,NA,NA,NA,NA,NA,NA,NA,NA,NA,NA,NA,NA,NA,NA,NA,NA,NA,NA,NA,NA
7966,1,10,656,2,1,33.744,5,0,10.952,19.489,5,216.749,9,0,2,0,0,0,63.748,4,206.244,5,252.499,2,270,0,53.69,17.499,1,0,0,3,0,0,0,0,24,0,0,0,0,0,0,0,0,1,17.499,2,252.499,0,0,4,63.748,5,206.244,0,0,0,0
7986,1,8,685,1,0,9.244,1,1,248.818,19.838,4,240.91,4,0,0,NA,NA,NA,NA,NA,NA,NA,NA,NA,NA,NA,NA,NA,NA,NA,NA,NA,NA,NA,NA,NA,NA,NA,NA,NA,NA,NA,NA,NA,NA,NA,NA,NA,NA,NA,NA,NA,NA,NA,NA,NA,NA,NA,NA
7986,1,8,685,2,5,21.92,2,0,5.377,27.353,4,220.717,5,0,4,0,0,0,86.745,8,171.75,10,229.508,5,270,0,57.748,37.985,5,1.496,1,0,0,7.491,2,21.999,12,0,3.251,0,0,6,54.249,2,14.994,4,22.99,7,175.251,4,9.997,7,72.244,11,133.001,0,0,7.491,3.251
8515,6,12,772,1,2,35.214,5,0,8.387,19.641,7,215.125,9,0,3,34.241,2,0,70.13,7,181.105,7,190.357,4,67.608,0,60.36,33.141,6,0,0,2,2,0,0,2.357,12,25.39,8.493,1,16.748,9,96.602,5,19.388,3,13.751,6,93.744,4,28.748,5,27.243,12,99.348,0,0,0,8.493
8515,6,12,772,2,3,138.858,5,0,2.596,15.001,2,116.127,8,0,28,74.747,5,0,105.465,10,164.516,10,129.085,6,13.64,0,8.637,66.148,10,0,0,7,0,0,0,24.637,11,0,6.747,1,2.499,2,10.992,2,6.251,9,59.896,4,118.093,0,0,10,102.965,9,155.159,0,0,0,6.747
8530,6,9,775,1,1,12.849,6,0,17.673,28.285,14,228.828,19,0,4,0,0,2,0,0,131.244,13,265.552,1,270,4.447,270,4.447,1,0,0,0,0,138.732,12,27.196,3,169.251,0,0,0,4,209.547,0,0,1,4.447,4,55.998,0,0,0,0,4,47.256,0,0,138.732,0
8530,6,9,775,2,6,49.19,5,0,7.558,21.49,4,199.302,10,0,0,0,0,3,1.417,1,198.55,10,270,1,270,0,270,0,0,0,0,0,0,63.266,9,44.012,22,36.508,0,0,0,4,92.256,0,0,0,0,4,177.737,0,0,1,1.417,8,157.558,0,0,63.266,0
8548,6,2,804,1,1,38.894,5,0,34.224,6.588,3,224.504,7,0,5,0,0,0,35.497,3,133.743,13,227.242,4,270,0,2.561,42.752,3,0,0,0,3,100.736,9,28.816,18,42.004,34.494,0,0,5,130.243,2,3.756,4,38.993,8,96.99,2,4.252,4,17.737,11,89.255,2,15.245,85.491,19.249
8548,6,2,804,2,3,52.206,11,0,11.309,33.695,4,184.071,14,0,5,0,0,0,56.965,11,175.774,16,194.23,9,270,0,74.523,75.754,8,1.253,1,0,2,35.975,6,0,20,57.993,39.995,0,0,13,63.958,6,42.248,8,33.5,15,130.253,5,5.723,9,23.988,18,98.514,4,19.986,15.989,20.009
8555,4,18,773,NA,NA,NA,NA,NA,NA,NA,NA,NA,NA,NA,NA,NA,NA,NA,NA,NA,NA,NA,NA,NA,NA,NA,NA,NA,NA,NA,NA,NA,NA,NA,NA,NA,NA,NA,NA,NA,NA,NA,NA,NA,NA,NA,NA,NA,NA,NA,NA,NA,NA,NA,NA,NA,NA,NA,NA
8557,6,17,776,NA,NA,NA,NA,NA,NA,NA,NA,NA,NA,NA,NA,NA,NA,NA,NA,NA,NA,NA,NA,NA,NA,NA,NA,NA,NA,NA,NA,NA,NA,NA,NA,NA,NA,NA,NA,NA,NA,NA,NA,NA,NA,NA,NA,NA,NA,NA,NA,NA,NA,NA,NA,NA,NA,NA,NA
8564,6,7,776,NA,NA,NA,NA,NA,NA,NA,NA,NA,NA,NA,NA,NA,NA,NA,NA,NA,NA,NA,NA,NA,NA,NA,NA,NA,NA,NA,NA,NA,NA,NA,NA,NA,NA,NA,NA,NA,NA,NA,NA,NA,NA,NA,NA,NA,NA,NA,NA,NA,NA,NA,NA,NA,NA,NA,NA
8565,4,16,733,1,0,4.501,2,3,49.312,46.301,6,219.183,8,0,0,0,0,0,50.235,6,196.742,9,210.504,4,270,2.252,101.504,59.488,5,0,0,0,0,23.005,4,3.749,4,33.503,0,0,0,6,135.998,5,59.488,0,0,2,74.502,1,0.25,5,48.236,6,112.751,0,0,23.005,0
8565,4,16,733,2,0,34.002,1,0,198.666,15.952,2,220.04,4,0,0,0,0,0,22.559,3,247.435,4,266.286,1,270,0,266.285,3.713,1,0,0,2,0,0,0,10.536,6,14.035,0,0,0,10,139.778,0,0,1,3.713,10,126.489,2,9.496,3,13.061,5,227.893,0,0,0,0
8572,6,3,804,1,4,2.749,2,0,4.863,25.572,6,241.663,9,0,0,0,0,0,0,0,165.209,13,270,1,270,0,270,0,0,0,0,0,0,104.767,12,0.238,11,3.999,0,0,0,7,70.987,0,0,0,0,8,198.999,0,0,0,0,19,123.445,0,0,104.767,0
8572,6,3,804,2,4,41.225,4,0,0.653,36.918,5,191.842,7,0,7,0,0,0,12.995,2,210.251,10,265.246,2,270,0,143.748,4.752,1,0,0,5,0,46.736,7,0,23,33.255,12.493,0,0,9,143.999,0,0,1,4.752,10,113.477,0,0,2,12.995,16,137.735,1,6.747,39.989,5.746
8575,4,8,774,1,0,15.595,5,0,97.422,33.144,5,221.242,10,0,1,6.575,1,0,5.074,1,225.313,7,260.928,1,270,9.071,270,2.495,1,0,0,0,0,39.6,6,11.32,10,11.743,0,1,6.575,5,125.242,1,2.495,0,0,5,135.677,1,5.073,0,0,12,175.121,0,0,39.6,0
8575,4,8,774,2,0,115.61,4,0,12.455,18.798,3,135.58,6,0,5,0,0,0,16.56,7,242.644,10,246.03,9,270,0,9.996,23.954,8,0,0,2,0,7.848,2,25.497,10,112.489,0,0,0,16,164.494,6,19.139,2,4.815,12,81.517,1,2.247,2,3.82,14,100.486,0,0,7.848,0
8587,4,13,588,1,1,2.205,1,0,16.815,52.654,3,215.133,5,0,0,13.247,1,0,12.252,1,196.799,9,253.251,1,270,16.748,270,3.5,1,0,0,0,0,60.932,8,36.499,13,4.498,0,0,0,3,98.011,0,0,1,3.5,4,155.234,0,0,1,12.252,11,147.733,0,0,60.932,0
8587,4,13,588,2,2,21.34,3,0,2.87,38.995,9,209.643,11,0,3,0,0,0,13.747,5,218.738,13,265.75,1,270,4.249,270,4.249,1,0,0,0,0,37.49,8,6,10,50.996,3.5,0,0,7,154.997,1,3,1,1.248,7,110.74,1,2.5,2,5.748,14,111.237,1,3.5,33.99,0
8590,4,10,784,1,2,12.593,3,2,27.445,19.702,4,237.692,7,0,2,0,0,0,4.998,1,212.241,12,263.749,2,270,0,2.748,6.249,1,0,0,1,0,52.739,10,11.745,36,3.747,4.405,0,0,5,65.491,0,0,1,6.249,5,162.752,0,0,1,4.998,10,178.347,1,3.998,48.741,0.407
8590,4,10,784,2,7,37.593,6,0,14.73,25.095,2,207.296,9,0,0,0,0,2,0,0,199.752,14,270,1,270,0,270,0,0,0,0,0,0,70.222,13,0.5,18,24.998,0,0,0,7,152.995,0,0,0,0,7,116.992,0,0,0,0,9,122.508,0,0,70.222,0
8596,6,14,810,1,3,5.504,1,0,23.241,32.047,7,232.433,9,0,0,0,0,0,0,0,138.925,14,268.203,1,270,1.796,270,1.796,1,0,0,0,0,131.049,13,9.119,9,37.63,0,0,0,5,108.946,1,1.796,0,0,4,159.249,0,0,0,0,9,91.372,0,0,131.049,0
8596,6,14,810,2,5,126.143,11,0,5.813,9.953,2,133.88,12,0,25,0,0,5,3,1,204.271,13,267.501,2,270,0,165.714,2.497,1,0,0,1,0,62.704,12,32.715,11,58.65,0,0,0,4,114.963,1,2.497,0,0,3,152.533,1,2.502,1,0.497,10,159.833,0,0,62.704,0
8612,4,9,781,1,3,18.9,5,0,79.565,35.387,9,215.687,13,0,2,0,0,0,52.987,6,165.478,16,227.898,4,270,2.353,104.256,42.094,5,0,0,7,1,51.505,9,5.255,8,0,0,0,0,3,45.747,2,2.751,5,39.341,6,182.146,1,3.247,6,49.739,14,150.982,0,0,51.505,0
8612,4,9,781,2,5,42.806,6,2,11.784,35.2,8,191.97,11,0,1,0,0,0,32.241,8,202.488,13,242.246,7,270,1.001,8.252,27.74,8,0,0,31,0,35.246,5,33.751,13,7.5,0,0,0,11,144.401,4,13.743,5,13.996,11,97.83,6,11.497,5,20.741,14,116.988,0,0,35.246,0
8620,4,7,774,1,0,0,0,0,270,36.848,7,233.138,8,0,0,93.748,4,0,86.234,6,183.754,7,94.248,1,158.567,18.564,112.813,81.996,4,0,0,6,0,0,0,21.568,6,0,0,1,22.932,0,0,0,0,4,81.996,1,94.248,1,2.502,6,83.73,9,163.432,0,0,0,0
8620,4,7,774,2,1,0,0,1,270,6.489,2,263.507,3,0,0,49.085,3,0,65.997,5,203.993,6,134.248,3,145.659,4.158,106.909,86.656,6,0,0,0,0,0,0,270,0,91.84,0,3,49.085,3,129.497,5,82.498,1,4.158,1,4.75,0,0,3,21.499,5,136.65,0,0,0,0
8623,6,11,775,1,0,5.1,1,8,70.067,28.028,4,236.862,6,4,0,14.255,1,0,52.837,4,191.9,7,163.503,2,218.912,1.163,150.417,92.236,4,0,0,25,2,25.25,3,4.164,5,16.329,11,2,4.501,4,68.488,4,54.075,3,38.158,4,95.009,4,36.494,3,15.757,10,83.166,0,0,25.25,11
8623,6,11,775,2,6,43.995,4,1,52.661,27.853,3,198.138,8,11,0,68.815,8,0,103.041,9,166.942,9,111.682,5,46.183,0,39.183,89.479,12,0,0,3,1,0,0,0,5,29.484,27.754,3,13.246,4,37.744,5,15.993,10,73.483,6,73.933,1,1.501,10,67.809,15,117.668,0,0,0,27.754
8641,4,4,739,1,2,0,0,0,270,64.311,14,205.661,15,0,0,14.863,2,0,22.249,2,194.996,9,238.999,3,232.84,0,228.957,16.13,4,0,0,7,2,52.739,6,11.209,17,8.746,13.755,1,1.994,6,59.897,2,7.506,3,8.623,7,179.092,1,4.749,2,10.998,11,159.234,0,0,52.739,13.755
8641,4,4,739,2,6,63.73,10,0,7.287,27.961,8,178.28,12,2,6,30.504,3,0,69.492,7,180.882,12,214.741,5,6.9,0,3.402,24.741,7,4.501,3,0,1,15.1,4,41.151,18,51.145,0,3,30.504,13,119.142,7,24.741,0,0,9,95.582,8,22.24,6,18.741,13,113.98,0,0,15.1,0
8646,4,11,781,1,0,7.451,1,0,89.899,37.799,7,224.734,9,1,0,0,0,0,7.495,1,254.001,3,262.504,1,270,0,262.504,7.495,1,0,0,1,0,8.499,2,1.255,25,0,0,0,0,2,40.743,0,0,1,7.495,3,221.757,0,0,1,7.495,7,168.754,0,0,8.499,0
8646,4,11,781,2,5,92.242,9,0,10.619,15.857,4,161.877,12,1,4,0,0,0,0,0,235.143,7,270,1,270,0,270,0,0,0,0,0,0,34.845,6,0,20,0,0,0,0,6,85.243,0,0,0,0,6,184.746,0,0,0,0,7,168.751,0,0,34.845,0
8653,6,4,728,1,2,23.501,2,0,11.135,25.636,3,220.853,6,0,0,0,0,0,26.992,2,243.005,2,247.75,1,270,0,247.75,22.249,1,0,0,0,1,0,0,34.005,24,27.742,21.245,0,0,4,61.012,0,0,1,22.249,5,186.73,0,0,2,5.746,7,185.989,0,0,0,21.245
8653,6,4,728,2,3,132.391,13,0,6.135,58.745,6,78.835,11,0,4,0,0,0,55.975,3,214.02,3,233.12,2,270,0,172.775,36.877,2,0,0,0,3,0,0,0,27,23.743,0,0,0,7,92.095,2,23.154,3,13.72,8,141.012,3,18.251,4,28.97,8,161.762,0,0,0,0
8670,4,5,743,1,1,1.849,1,15,230.634,2.803,2,265.343,3,0,0,23.003,1,0,48.501,1,210.74,3,212.499,2,34.938,0,4.689,34.494,2,0,0,5,2,10.755,1,107.941,10,0,29.745,0,0,4,110.306,0,0,2,34.494,5,102.186,1,1.499,2,17.253,6,166.978,0,0,10.755,29.745
8670,4,5,743,2,2,0,0,0,270,43.581,15,226.389,16,0,0,0,0,0,18.999,3,196.1,10,260.4,1,270,0,260.4,9.599,1,0,0,0,0,54.883,6,7.398,4,52.346,0,0,0,3,197.999,1,9.599,0,0,3,62.396,0,0,2,8.747,9,141.251,0,0,54.883,0
8672,6,8,813,1,2,45.947,4,2,56.078,31.894,2,192.148,6,2,7,0,0,0,10.497,2,235.992,6,256.508,3,270,0,176.504,13.488,2,0,0,0,0,23.501,3,0,12,116.736,0,0,0,6,192.756,2,13.488,0,0,4,63.745,0,0,0,0,8,104.248,0,0,23.501,0
8672,6,8,813,2,3,151.896,11,0,8.369,23.041,5,95.038,10,0,27,0,0,0,25.747,3,210.734,10,240.498,3,270,0,177.044,25.752,2,3.755,2,1,0,26.997,6,2.295,13,31.241,0,0,0,5,185.242,2,8.248,1,17.503,5,55.249,2,2.751,2,19.996,10,109.493,0,0,26.997,0
8696,4,14,743,1,0,2.543,1,4,22.33,30.669,3,236.781,4,0,1,0,0,2,0,0,203.69,11,269.251,1,270,0.748,270,0.748,1,0,0,2,0,66.29,10,2.998,32,46.701,0,0,0,5,101.853,0,0,1,0.748,6,167.388,0,0,0,0,7,161.197,0,0,66.29,0
8696,4,14,743,2,1,75.845,4,0,28.998,19.75,6,174.388,8,1,2,0,0,15,0,0,238.861,6,270,1,270,0,270,0,0,0,0,2,0,31.129,5,0,9,0,0,0,0,4,113.545,0,0,0,0,5,156.447,0,0,0,0,8,163.835,0,0,31.129,0
8706,4,6,588,1,0,0,0,0,270,55.081,8,214.903,9,0,0,0,0,0,0,0,195.999,9,254.983,1,270,15.016,270,15.016,1,0,0,0,0,73.985,8,37.271,23,36.006,4.499,0,0,5,101.254,1,14.518,1,0.497,6,153.719,0,0,0,0,9,168.989,1,3.252,70.733,1.247
8706,4,6,588,2,4,4.551,2,0,158.438,9.295,2,256.146,5,0,0,0,0,0,0,0,138.04,20,270,1,270,0,270,0,0,0,0,0,0,131.922,19,0,8,39.747,0,0,0,4,180.327,0,0,0,0,4,89.666,0,0,0,0,18,120.39,0,0,131.922,0
8712,4,3,746,1,0,0,0,0,270,20.653,2,249.343,3,0,0,32.742,2,0,61.005,3,176.673,11,207.005,4,202.103,0,154.852,30.243,5,0,0,1,0,32.302,7,6.35,22,3.5,24.251,2,15.245,9,63.102,2,2.492,4,27.75,10,143.888,1,2,4,49.251,13,145.223,2,11.308,20.994,12.943
8712,4,3,746,2,0,0,0,1,270,46.558,5,223.432,6,0,0,0,0,0,15.747,4,227.245,7,263,2,270,0,255.438,6.998,1,0,0,1,0,22.997,2,0,20,5.499,6.999,0,0,6,123.751,1,3.001,1,3.996,7,139.238,3,6.503,3,9.242,10,178.995,1,6.999,15.998,0
8745,4,2,746,1,0,0,0,0,270,2.002,1,267.996,2,0,0,0,0,0,11.074,3,222.862,11,260.794,2,270,6.871,267.569,9.203,2,0,0,0,0,36.044,7,9.971,19,38.8,22.299,0,0,11,111.006,2,9.203,0,0,9,149.77,3,2.274,2,7.749,15,144.33,4,19.147,16.897,3.152
8745,4,2,746,2,2,95.745,7,0,52.995,31.393,3,142.846,7,0,4,0,0,0,25.747,2,201.255,9,261.502,3,270,0,186.999,8.494,2,0,0,1,0,42.982,6,0,21,19.499,52.244,0,0,9,135.499,2,2.999,1,5.494,9,125.988,1,0.751,2,6.75,16,144.48,4,34.988,7.994,17.256
8776,4,17,762,NA,NA,NA,NA,NA,NA,NA,NA,NA,NA,NA,NA,NA,NA,NA,NA,NA,NA,NA,NA,NA,NA,NA,NA,NA,NA,NA,NA,NA,NA,NA,NA,NA,NA,NA,NA,NA,NA,NA,NA,NA,NA,NA,NA,NA,NA,NA,NA,NA,NA,NA,NA,NA,NA,NA,NA
8803,5,5,783,1,0,11.105,2,0,75.665,10.004,1,248.885,4,0,0,0,0,0,1,1,140.234,14,270,1,270,0,270,0,0,0,0,0,0,128.739,13,3.249,17,15,0,0,0,4,154.255,0,0,0,0,4,115.738,0,0,1,1,12,128.236,0,0,128.739,0
8803,5,5,783,2,5,58.056,5,0,136.145,25.454,4,186.475,7,0,10,0,0,0,58.604,5,166.382,9,212.125,5,270,0,149.881,57.866,5,0,0,0,2,44.997,4,0,7,7.5,3.501,0,0,5,137.872,4,20.745,2,37.12,4,74.249,4,16.11,5,34.992,9,113.114,0,0,44.997,3.501
8828,4,15,762,1,0,37.795,4,3,20.47,43.335,7,188.851,9,0,7,10.248,1,0,51.495,4,209.246,5,220.498,3,270,12.75,142.002,39.247,4,0,0,3,0,9.249,2,14.005,24,0,0,0,0,1,14.746,0,0,4,39.247,4,205.75,0,0,4,51.495,6,174.496,0,0,9.249,0
8828,4,15,762,2,0,99.599,5,3,10.366,0.952,1,169.438,6,0,2,0,0,2,0,0,211.131,12,269.712,1,270,0.287,270,0.287,1,0,0,3,0,58.847,11,150.148,6,85.725,0,0,0,8,222.437,0,0,1,0.287,9,47.259,0,0,0,0,11,78.841,0,0,58.847,0
8831,4,1,733,1,0,0,0,0,270,6.499,1,263.499,2,0,0,0,0,0,0,0,181.886,11,268.001,1,270,0,270,0,0,0,0,0,0,86.095,10,2.998,14,16.248,5.247,0,0,4,163.997,0,0,0,0,5,103.996,0,0,0,0,10,152.236,1,5.247,80.848,0
8831,4,1,733,2,2,12.405,3,0,49.633,55.658,4,209.427,7,1,2,0,0,0,25,5,241.989,7,248.673,3,270,0,188.93,21.322,3,0,0,0,0,2.999,1,0.426,23,24.497,0,0,0,7,67.994,1,10.996,2,10.326,8,180.667,1,0.502,4,12.752,13,191.494,0,0,2.999,0
8938,4,12,784,1,5,0,0,0,34.178,7.002,4,262.99,5,0,1,0,0,0,16.495,1,193.744,10,253.503,2,270,0,219.504,16.495,1,0,0,0,0,59.743,8,3.998,5,34.244,0,0,0,3,106.49,0,0,1,16.495,4,147.008,0,0,1,16.495,8,153.503,0,0,59.743,0
8938,4,12,784,2,2,17.299,4,0,92.452,64.253,6,188.431,8,0,2,0,0,0,1.247,1,230.003,10,270,1,270,0,270,0,0,0,0,0,0,38.732,8,3.747,23,28.735,0,0,0,9,97.235,0,0,0,0,9,172.748,0,0,1,0.995,10,169.75,0,0,38.732,0
8971,6,6,806,1,0,21.35,3,7,96.227,19.572,3,229.066,7,0,0,0,0,20,0,0,180.239,10,270,1,270,0,270,0,0,0,0,0,0,89.743,9,47.754,12,44.729,0,0,0,6,182.495,0,0,0,0,5,87.495,0,0,0,0,10,97.493,0,0,89.743,0
8971,6,6,806,2,0,101.745,5,0,52.037,46.897,3,121.346,5,0,21,0,0,1,13.219,2,164.521,7,263.975,1,270,0,263.975,6.024,1,0,0,0,1,92.247,5,68.23,19,132.221,0,0,0,4,168.979,1,6.024,0,0,3,94.99,1,7.018,0,0,5,94.246,0,0,92.247,0
9014,5,3,793,1,0,1.949,1,0,33.562,38.581,9,229.451,10,0,2,5.398,1,0,9.151,1,196.788,8,258.699,2,256.213,0.161,252.712,5.899,2,1.949,1,0,0,62.098,5,0.161,27,1.348,53.694,1,1.797,1,24.249,1,3.5,1,2.399,2,234.449,0,0,1,9.151,8,174.39,3,50.795,11.303,2.899
9014,5,3,793,2,5,2.59,2,0,219.158,27.148,6,240.247,8,0,0,78.559,11,0,107.068,12,124.154,18,144.913,9,115.409,0,112.916,46.49,19,0.754,1,0,2,37.989,5,0,19,0,55.244,0,0,0,0,0,0,19,46.49,9,144.913,0,0,11,64.823,16,111.15,0,0,37.989,55.244
9027,5,6,795,1,1,30.593,4,0,5.317,32.545,8,206.839,12,3,5,0,0,0,0,0,115.985,11,270,1,270,0,270,0,0,0,0,3,0,153.995,10,0,8,49.748,0,0,0,4,197.99,0,0,0,0,5,72.002,0,0,0,0,10,73.98,0,0,153.995,0
9027,5,6,795,2,2,92.254,11,0,2.587,39.847,8,137.864,17,10,7,0,0,0,0,0,172.092,14,270,1,270,0,270,0,0,0,0,0,0,97.882,13,0,15,2.498,0,0,0,4,126.963,0,0,0,0,4,143.03,0,0,0,0,12,154.37,0,0,97.882,0
9028,6,18,813,1,0,13.443,3,6,72.303,21.835,7,234.702,11,0,0,0,0,3,0,0,120.477,20,270,1,270,0,270,0,0,0,0,0,0,149.484,20,270,0,38.747,0,0,0,4,186.498,0,0,0,0,4,83.495,0,0,0,0,13,36.237,0,0,149.484,0
9028,6,18,813,2,6,133.487,6,1,8.629,26.698,3,109.8,7,0,15,0,0,0,0,0,188.482,17,270,1,270,0,270,0,0,0,0,0,0,81.486,16,0,23,88.603,3.75,0,0,8,155.609,0,0,0,0,8,114.376,0,0,0,0,15,117.374,1,2.75,78.736,1
9036,5,15,793,1,2,10.404,2,0,38.892,23.942,11,235.629,13,0,1,3.267,1,0,37.263,5,172.21,9,245.229,3,270,0,186.523,20.999,3,1.751,1,3,0,58.757,5,7.769,16,6,43.97,0,0,4,46.501,1,11.499,2,9.5,5,198.722,2,5.02,5,25.741,12,125.725,1,9.251,49.506,34.719
9036,5,15,793,2,2,109.059,8,0,10.273,25.945,8,134.97,11,0,10,0,0,0,34.484,6,214,10,240.247,4,270,0,122.745,29.746,4,0,0,0,1,21.497,4,0,25,0,0,0,0,3,19.955,1,7.745,3,22.001,6,220.287,1,8.001,5,26.483,13,187.265,0,0,21.497,0
9043,5,16,757,1,1,6.749,2,1,126.242,42.001,4,221.238,7,0,0,0,0,0,1.498,1,214.498,8,270,1,270,0,270,0,0,0.498,1,8,0,53.492,5,0,19,37.49,0,0,0,6,159.481,0,0,0,0,7,110.507,1,1.498,0,0,10,99.983,0,0,53.492,0
9043,5,16,757,2,8,3.456,1,0,119.61,40.992,3,225.544,5,5,0,0,0,0,5.641,2,264.356,2,270,1,270,0,270,0,0,0,0,1,0,0,0,0,15,1.999,0,0,0,4,72.737,0,0,0,0,5,197.255,1,3.748,1,1.893,7,220.598,0,0,0,0
9069,5,9,801,1,0,5.147,1,0,58.33,75.629,15,189.194,15,2,4,0,0,0,67.495,8,168.932,15,210.058,5,270,0,144.041,59.934,4,2.046,2,38,6,31.498,5,0,8,23.497,0,0,0,5,143.524,4,59.934,0,0,1,66.533,0,0,7,63.491,14,148.94,0,0,31.498,0
9069,5,9,801,2,8,5.298,2,0,3.516,74.345,8,190.337,11,15,0,0,0,0,38.001,7,212.484,12,242.484,5,270,0,88.113,27.508,4,2.99,2,17,2,16.501,4,0,2,0,0,0,0,6,167.36,4,19.011,1,8.496,3,75.12,6,33.004,2,4.996,5,72.609,0,0,16.501,0
9080,5,12,800,1,1,6.549,2,0,55.857,17.651,5,245.786,8,0,0,0.456,1,0,8.496,3,238.24,8,258.508,2,270,4.202,239.961,11.031,3,0,0,0,1,23.25,4,7.279,21,29.253,0,1,0.456,7,120.99,3,10.533,1,0.497,6,137.507,1,4.496,1,1.501,11,125.474,0,0,23.25,0
9080,5,12,800,2,8,25.449,3,0,4.617,8.996,3,235.543,7,1,5,0,0,0,7.006,2,221.979,11,268.001,2,270,0,216.523,1.997,1,6.501,3,1,0,34.493,6,0,17,16.999,18.247,0,0,7,72.974,1,1.997,0,0,6,195.016,2,7.006,0,0,11,160.25,1,8.494,25.999,9.753
9089,6,13,806,1,1,32.049,3,0,152.519,8.249,4,229.689,7,1,2,0,0,0,5.003,1,155.484,12,257.999,2,270,0,196.751,11.999,1,0,0,0,1,109.491,10,0,12,50.748,0,0,0,5,126.756,1,11.999,0,0,5,131.235,0,0,1,5.003,9,129.98,0,0,109.491,0
9089,6,13,806,2,4,122.352,6,0,13.646,43.198,6,104.426,13,0,32,0,0,0,28.494,8,217.225,12,230.746,7,270,0,105.045,39.242,6,4.754,2,9,0,19.502,4,0,29,16.748,5.496,0,0,11,67.99,4,12.246,5,26.993,13,162.739,3,4.507,6,20.742,13,173.73,0,0,19.502,5.496
9095,5,11,801,1,1,20.854,5,0,27.322,26.041,4,223.088,9,0,0,0,0,0,5.056,2,241.186,5,267.249,2,270,0,241.813,2.749,1,0,0,5,0,23.749,3,2.06,41,15.506,0,0,0,4,58.248,1,2.749,0,0,4,208.995,0,0,2,5.056,5,177.435,0,0,23.749,0
9095,5,11,801,2,5,19.094,2,0,81.299,0,0,250.902,3,0,0,0,0,0,7.005,3,239.971,9,264.999,2,270,0,256.917,4.999,1,0,0,0,0,23.008,5,0,19,4.009,0,0,0,9,113.746,1,3.758,1,1.24,10,151.236,2,3.999,2,3.005,12,201.977,0,0,23.008,0
9100,6,10,772,1,1,23.947,4,0,6.24,15.785,5,230.252,8,0,4,0,0,4,0,0,254.49,4,270,1,270,0,270,0,0,0,0,2,0,15.504,3,0,8,50.245,0,0,0,4,107.714,0,0,0,0,4,162.279,0,0,0,0,7,122.991,0,0,15.504,0
9100,6,10,772,2,1,144.199,6,0,1.649,46.005,2,79.78,9,0,14,0,0,3,0,0,251.984,4,270,1,270,0,270,0,0,0,0,0,0,18.009,4,0,20,51.763,0,0,0,5,101.506,0,0,0,0,5,168.485,0,0,0,0,6,168.992,0,0,18.009,0
9110,5,7,797,1,6,13.441,3,0,10.488,23.286,9,233.249,13,0,1,0,0,0,43.239,3,226.755,4,211.747,3,270,3.122,144.127,58.247,4,0,0,2,5,0,0,23.623,20,19.247,5.998,0,0,6,73.749,3,19.871,4,38.373,7,137.988,3,8.491,4,24.743,13,155.121,0,0,0,5.998
9110,5,7,797,2,0,4.644,1,0,234.738,4.653,1,260.699,3,0,2,0,0,0,41.242,7,228.744,8,244.245,4,270,0,205.918,25.749,3,0,0,0,0,0,0,0,24,17.502,0,0,0,9,113.74,4,12.249,2,13.497,8,130.492,4,12.732,4,24.754,12,143.983,0,0,0,0
9112,5,18,672,NA,NA,NA,NA,NA,NA,NA,NA,NA,NA,NA,NA,NA,NA,NA,NA,NA,NA,NA,NA,NA,NA,NA,NA,NA,NA,NA,NA,NA,NA,NA,NA,NA,NA,NA,NA,NA,NA,NA,NA,NA,NA,NA,NA,NA,NA,NA,NA,NA,NA,NA,NA,NA,NA,NA,NA
9130,5,13,795,1,1,14.1,3,0,119.177,17.243,9,238.635,11,0,0,0,0,0,17.546,2,216.936,8,244.751,2,270,0,229.175,25.247,1,0,0,5,1,35.504,5,9.423,20,22.099,0,0,0,5,82.846,1,25.247,0,0,3,161.899,0,0,2,17.546,8,190.588,0,0,35.504,0
9130,5,13,795,2,NA,NA,NA,NA,NA,NA,NA,NA,NA,NA,NA,0,0,1,8.506,3,233.189,11,262.011,3,270,0,84.899,7.985,2,4.292,3,0,1,23.993,4,0,10,27.007,7.003,0,0,8,132.775,2,7.985,0,0,7,129.224,2,3.507,2,4.998,12,121.726,0,0,23.993,7.003
9133,5,4,672,1,0,12.491,2,3,223.115,16.434,4,241.064,6,0,2,45.413,6,0,117.994,8,151.99,9,145.492,7,76.155,0,25.905,79.071,12,0,0,2,6,0,0,0,13,9.246,66.241,2,5.749,6,64.085,4,21.485,11,57.583,9,81.399,4,13.498,11,57.988,13,99.894,0,0,0,66.241
9133,5,4,672,2,1,9.636,2,0,13.788,12.65,2,247.706,5,1,0,157.215,8,0,192.957,8,77.028,8,46.993,4,6.204,58.455,60.952,65.769,12,0,0,0,5,0,0,195.207,6,0,130.184,0,0,0,0,0,0,12,65.769,4,46.993,0,0,11,84.253,5,55.536,0,0,0,130.184
9135,6,15,809,1,1,11.04,3,0,11.112,33.143,6,225.799,10,0,0,39.052,3,0,64.521,5,154.951,10,203.716,5,86.974,0,80.974,27.217,8,0,0,0,1,50.509,5,3.726,2,42.497,7.501,3,24.05,7,147.728,6,23.219,2,3.998,6,55.98,5,22.993,6,34.265,9,58.22,0,0,50.509,7.501
9135,6,15,809,2,NA,NA,NA,NA,NA,NA,NA,NA,NA,NA,NA,0,0,0,9.498,4,245.742,7,270,1,270,0,270,0,0,0,0,0,0,14.748,2,0,21,45.25,14.756,0,0,3,85.069,0,0,0,0,3,184.926,1,1.751,1,1.501,7,185.238,2,12.754,1.994,2.002
9166,6,5,810,1,1,0,0,0,270,24.682,6,245.306,7,0,0,0,0,0,5.997,2,191.259,11,251.004,2,270,6.5,190.251,18.993,2,0,0,0,0,72.724,8,10.748,4,89.497,0,0,0,4,219.759,1,12.493,1,6.5,3,31.24,2,4.496,0,0,4,53.999,0,0,72.724,0
9166,6,5,810,2,0,224.163,8,0,9.113,13.754,4,32.065,7,0,33,0,0,0,0,0,191.72,11,270,1,270,0,270,0,0,0,0,2,0,78.26,10,0,17,117.683,0,0,0,5,184.188,0,0,0,0,5,85.803,0,0,0,0,11,106.795,0,0,78.26,0
9172,5,10,798,NA,NA,NA,NA,NA,NA,NA,NA,NA,NA,NA,NA,NA,NA,NA,NA,NA,NA,NA,NA,NA,NA,NA,NA,NA,NA,NA,NA,NA,NA,NA,NA,NA,NA,NA,NA,NA,NA,NA,NA,NA,NA,NA,NA,NA,NA,NA,NA,NA,NA,NA,NA,NA,NA,NA,NA
9180,6,16,808,1,1,2.648,1,0,137.398,136.407,4,129.437,6,0,1,0,0,0,38.253,3,154.99,13,270,1,270,0,270,0,0,0,0,0,0,76.734,9,5.121,3,38.502,0,0,0,5,147.125,0,0,0,0,5,122.866,1,20.999,3,17.253,9,110.352,0,0,76.734,0
9180,6,16,808,2,5,20.343,3,0,3.331,27.64,7,221.999,9,0,2,0,0,0,17.989,6,213.494,13,251.994,6,270,0,116.81,17.996,5,0,0,0,0,38.492,7,4.057,22,14.746,0,0,0,7,145.797,5,17.996,0,0,2,106.194,5,12.492,2,3.748,6,133.688,0,0,38.492,0
9233,6,1,808,1,2,13.343,2,4,87.179,12.654,3,242.193,6,0,0,0,0,12,25.251,2,194.143,11,244.996,3,270,0,197.594,25,2,0,0,0,0,50.586,8,0,13,77.999,8.001,0,0,6,152.988,2,15.994,2,9.004,7,91.998,1,1.749,2,5.494,10,100.975,0,0,50.586,8.001
9233,6,1,808,2,4,128.379,18,0,2.176,41.647,5,99.931,21,0,6,0,0,1,21.365,7,144.109,14,254.504,6,270,0,161.632,15.486,5,0,0,0,0,100.497,7,0,37,54.496,89.264,0,0,9,70.113,5,14.237,1,1.248,5,184.383,1,2.252,3,2.109,11,81.354,5,84.244,16.253,5.02
9238,5,8,797,1,1,0,0,1,270,20.691,8,249.293,9,0,0,62.994,5,0,137.339,10,122.14,11,78.771,3,85.402,0,65.401,128.22,8,0,0,0,7,10.5,1,0,6,81.243,0,6,47.994,3,49.121,11,89.716,5,38.496,1,29.649,13,35.736,9,56.091,8,70.389,0,0,10.5,0
9238,5,8,797,2,2,27.403,4,0,7.416,51.159,8,191.42,9,0,1,24.095,2,0,99.453,7,170.534,7,173.547,5,199.038,0,67.289,72.346,6,0,0,0,1,0,0,0,13,33.742,0,2,6.245,8,97.999,6,65.229,2,7.115,5,75.54,8,37.498,4,35.197,7,87.283,0,0,0,0
