Batch,Subject,Test_Nr,Novel_pig,PVC_Nr,Sow,NPT_back_dur,NPT_back_freq,NPT_climbing_freq,NPT_facing_back_dur,NPT_facing_back_freq,NPT_facing_fence_dur,NPT_facing_fence_freq,NPT_front_dur,NPT_front_freq,NPT_latency_back_dur,NPT_latency_front_dur,NPT_latency_middle_dur,NPT_middle_dur,NPT_middle_freq,NPT_sudden_display_dur,NPT_sudden_display_freq,NPT_tail_wagging_freq,NPT_turn_back_freq,NPT_walking_by_fence_dur,NPT_walking_by_fence_freq,NPT_NP_back_dur,NPT_NP_back_freq,NPT_NP_climbing_freq,NPT_NP_facing_back_dur,NPT_NP_facing_back_freq,NPT_NP_facing_fence_dur,NPT_NP_facing_fence_freq,NPT_NP_front_dur,NPT_NP_front_freq,NPT_NP_latency_nose-nose_dur,NPT_NP_middle_dur,NPT_NP_middle_freq,NPT_NP_nose-nose_freq,NPT_NP_pig_not_visible_dur,NPT_NP_pig_not_visible_freq,NPT_NP_sudden_display_dur,NPT_NP_sudden_display_freq,NPT_NP_tail_wagging_freq,NPT_NP_walking_by_fence_dur,NPT_NP_walking_by_fence_freq,NPT_Sback_NPback_freq,NPT_Sback_NPback_dur,NPT_Sfront_NPback_freq,NPT_Sfront_NPback_dur,NPT_Smiddle_NPback_freq,NPT_Smiddle_NPback_dur,NPT_Smiddle_NPfront_freq,NPT_Smiddle_NPfront_dur,NPT_Sfront_NPfront_freq,NPT_Sfront_NPfront_dur,NPT_Sfaceback_NPfaceback_freq,NPT_Sfaceback_NPfaceback_dur,NPT_Sfaceback_NPfacefence_freq,NPT_Sfaceback_NPfacefence_dur,NPT_Sfacefence_NPfacefence_freq,NPT_Sfacefence_NPfacefence_dur,NPT_Swalkfence_NPwalkfence_freq,NPT_Swalkfence_NPwalkfence_dur,NPT_Swalkfence_NPnotwalkfence_dur,NPT_Snotwalkfence_NPwalkfence_dur
1,1,1,9453,NA,NA,NA,NA,NA,NA,NA,NA,NA,NA,NA,NA,NA,NA,NA,NA,NA,NA,NA,NA,NA,NA,NA,NA,NA,NA,NA,NA,NA,NA,NA,NA,NA,NA,NA,NA,NA,NA,NA,NA,NA,NA,NA,NA,NA,NA,NA,NA,NA,NA,NA,NA,NA,NA,NA,NA,NA,NA,NA,NA,NA,NA
1,1,2,9297,7710,631,0,0,0,52.733,5,217.257,6,257.754,3,270,0,143.503,12.242,2,0,0,0,0,0,0,66.236,6,0,37.753,6,221.23,9,203.752,7,0,0,0,31,0,0,0,0,0,11.001,2,0,0,6,65.74,1,0.495,2,11.746,8,192.003,2,21.251,4,24.734,11,196.49,0,0,0,11.001
1,2,1,8147,NA,NA,NA,NA,NA,NA,NA,NA,NA,NA,NA,NA,NA,NA,NA,NA,NA,NA,NA,NA,NA,NA,NA,NA,NA,NA,NA,NA,NA,NA,NA,NA,NA,NA,NA,NA,NA,NA,NA,NA,NA,NA,NA,NA,NA,NA,NA,NA,NA,NA,NA,NA,NA,NA,NA,NA,NA,NA,NA,NA,NA,NA
1,2,2,8528,7641,672,56.997,11,0,85.304,12,184.673,12,141.246,8,44.751,0,41.002,71.721,18,0,0,0,0,0,0,0,0,0,0,0,125.757,16,270,1,0,0,0,19,0,0,0,0,0,144.213,15,0,0,0,0,0,0,18,71.721,8,141.246,0,0,9,24.255,14,101.495,0,0,0,144.213
1,3,1,803,NA,NA,NA,NA,NA,NA,NA,NA,NA,NA,NA,NA,NA,NA,NA,NA,NA,NA,NA,NA,NA,NA,NA,NA,NA,NA,NA,NA,NA,NA,NA,NA,NA,NA,NA,NA,NA,NA,NA,NA,NA,NA,NA,NA,NA,NA,NA,NA,NA,NA,NA,NA,NA,NA,NA,NA,NA,NA,NA,NA,NA,NA
1,3,2,674,7832,693,6.844,1,0,65.48,9,189.496,10,201.993,8,210,0,76.499,61.146,9,4.245,3,0,2,5.504,1,0,0,0,0,0,200.242,12,270,1,2.5,0,0,17,0,0,0,0,0,69.736,11,0,0,0,0,0,0,9,61.146,8,201.993,0,0,10,36.475,13,155.248,1,4.751,0.752999999999999,64.985
1,4,1,680,NA,NA,NA,NA,NA,NA,NA,NA,NA,NA,NA,NA,NA,NA,NA,NA,NA,NA,NA,NA,NA,NA,NA,NA,NA,NA,NA,NA,NA,NA,NA,NA,NA,NA,NA,NA,NA,NA,NA,NA,NA,NA,NA,NA,NA,NA,NA,NA,NA,NA,NA,NA,NA,NA,NA,NA,NA,NA,NA,NA,NA,NA
1,4,2,609,7835,670,36.991,3,0,48.239,7,217.251,7,215.753,5,211.505,0,141.252,17.242,7,4.495,2,0,0,0,0,0,0,0,0,0,244.491,4,270,1,0,0,0,17,0,0,0,0,0,25.503,3,0,0,0,0,0,0,7,17.242,5,215.753,0,0,6,29.986,6,210.996,0,0,0,25.503
1,5,1,9453,NA,NA,NA,NA,NA,NA,NA,NA,NA,NA,NA,NA,NA,NA,NA,NA,NA,NA,NA,NA,NA,NA,NA,NA,NA,NA,NA,NA,NA,NA,NA,NA,NA,NA,NA,NA,NA,NA,NA,NA,NA,NA,NA,NA,NA,NA,NA,NA,NA,NA,NA,NA,NA,NA,NA,NA,NA,NA,NA,NA,NA,NA
1,5,2,9297,7961,718,0,0,0,5.743,2,251.346,6,263.503,2,270,0,236.752,6.494,2,3.157,3,0,0,9.742,2,85.003,4,0,56.502,4,202.751,4,184.991,3,4.75,0,0,32,10.738,2,0,0,0,0,0,0,0,5,78.506,2,6.494,0,0,3,184.991,1,1.5,1,0.748,6,191.351,0,0,9.742,0
1,6,1,8147,NA,NA,NA,NA,NA,NA,NA,NA,NA,NA,NA,NA,NA,NA,NA,NA,NA,NA,NA,NA,NA,NA,NA,NA,NA,NA,NA,NA,NA,NA,NA,NA,NA,NA,NA,NA,NA,NA,NA,NA,NA,NA,NA,NA,NA,NA,NA,NA,NA,NA,NA,NA,NA,NA,NA,NA,NA,NA,NA,NA,NA,NA
1,6,2,8528,7907,721,0,0,0,56.989,5,213.001,6,218.253,3,270,0,143.253,51.742,3,0,0,0,2,0,0,95.739,6,0,62.989,8,196.238,9,174.251,5,24.251,0,0,7,6.997,2,0,0,0,3.757,1,0,0,5,84.241,1,11.498,3,40.243,7,134.003,2,5.256,6,47.972,11,148.258,0,0,0,3.757
1,7,1,803,NA,NA,NA,NA,NA,NA,NA,NA,NA,NA,NA,NA,NA,NA,NA,NA,NA,NA,NA,NA,NA,NA,NA,NA,NA,NA,NA,NA,NA,NA,NA,NA,NA,NA,NA,NA,NA,NA,NA,NA,NA,NA,NA,NA,NA,NA,NA,NA,NA,NA,NA,NA,NA,NA,NA,NA,NA,NA,NA,NA,NA,NA
1,7,2,674,7865,685,0,0,0,36.992,5,229.995,6,268.097,2,270,0,156.348,1.901,1,0,0,3,0,0,0,32.496,5,0,25.003,4,244.989,5,237.494,6,11.251,0,0,18,0,0,0,0,0,0,0,0,0,5,32.496,0,0,1,1.901,7,235.591,2,7.498,5,29.492,8,212.486,0,0,0,0
1,8,1,680,NA,NA,NA,NA,NA,NA,NA,NA,NA,NA,NA,NA,NA,NA,NA,NA,NA,NA,NA,NA,NA,NA,NA,NA,NA,NA,NA,NA,NA,NA,NA,NA,NA,NA,NA,NA,NA,NA,NA,NA,NA,NA,NA,NA,NA,NA,NA,NA,NA,NA,NA,NA,NA,NA,NA,NA,NA,NA,NA,NA,NA,NA
1,8,2,609,7986,685,0,0,0,86.745,8,171.75,10,229.508,5,270,0,57.748,37.985,5,1.496,1,0,0,7.491,2,71.744,5,0,48.744,5,216.744,7,198.247,5,21.999,0,0,12,0,0,1.248,1,1,3.251,1,0,0,6,54.249,2,14.994,4,22.99,7,175.251,4,9.997,7,72.244,11,133.001,0,0,7.491,3.251
1,9,1,9453,NA,NA,NA,NA,NA,NA,NA,NA,NA,NA,NA,NA,NA,NA,NA,NA,NA,NA,NA,NA,NA,NA,NA,NA,NA,NA,NA,NA,NA,NA,NA,NA,NA,NA,NA,NA,NA,NA,NA,NA,NA,NA,NA,NA,NA,NA,NA,NA,NA,NA,NA,NA,NA,NA,NA,NA,NA,NA,NA,NA,NA,NA
1,9,2,9297,7831,766,0,0,0,9.745,2,243.496,7,263.25,2,270,0,237.043,6.748,1,0,0,1,0,16.747,4,119,8,0,71.954,7,198.033,7,150.986,7,1.54,0,0,22,0,0,0,0,0,0,0,0,0,8,119,0,0,1,6.748,8,144.236,0,0,2,9.745,11,173.53,0,0,16.747,0
1,10,1,8147,NA,NA,NA,NA,NA,NA,NA,NA,NA,NA,NA,NA,NA,NA,NA,NA,NA,NA,NA,NA,NA,NA,NA,NA,NA,NA,NA,NA,NA,NA,NA,NA,NA,NA,NA,NA,NA,NA,NA,NA,NA,NA,NA,NA,NA,NA,NA,NA,NA,NA,NA,NA,NA,NA,NA,NA,NA,NA,NA,NA,NA,NA
1,10,2,8528,7966,656,0,0,0,63.748,4,206.244,5,252.499,2,270,0,53.69,17.499,1,0,0,3,0,0,0,0,0,0,0,0,270,1,270,1,0,0,0,24,0,0,0,0,0,0,0,0,0,0,0,0,0,1,17.499,2,252.499,0,0,4,63.748,5,206.244,0,0,0,0
1,11,1,803,NA,NA,NA,NA,NA,NA,NA,NA,NA,NA,NA,NA,NA,NA,NA,NA,NA,NA,NA,NA,NA,NA,NA,NA,NA,NA,NA,NA,NA,NA,NA,NA,NA,NA,NA,NA,NA,NA,NA,NA,NA,NA,NA,NA,NA,NA,NA,NA,NA,NA,NA,NA,NA,NA,NA,NA,NA,NA,NA,NA,NA,NA
1,11,2,674,7914,765,0,0,0,88.502,6,181.486,7,255.246,3,270,0,97.372,14.75,2,0,0,1,1,0,0,34.996,5,0,31.997,3,237.997,4,234.997,5,1.119,0,0,23,0,0,0,0,0,0,0,0,0,4,34.995,0,0,2,14.75,7,220.243,3,24.994,8,63.503,7,174.483,0,0,0,0
1,12,1,680,NA,NA,NA,NA,NA,NA,NA,NA,NA,NA,NA,NA,NA,NA,NA,NA,NA,NA,NA,NA,NA,NA,NA,NA,NA,NA,NA,NA,NA,NA,NA,NA,NA,NA,NA,NA,NA,NA,NA,NA,NA,NA,NA,NA,NA,NA,NA,NA,NA,NA,NA,NA,NA,NA,NA,NA,NA,NA,NA,NA,NA,NA
1,12,2,609,7834,656,15.002,1,0,43.757,7,221.222,10,178.249,4,127.243,0,104.989,76.74,5,1.997,1,4,2,3.006,1,112.881,9,0,65.895,11,195.329,13,157.101,10,0.244,0,0,13,8.751,2,0,0,3,0,0,1,0.253,9,84.484,3,28.14,4,48.598,10,93.75,5,7.155,7,36.597,15,158.222,0,0,3.006,0
1,13,1,9453,NA,NA,NA,NA,NA,NA,NA,NA,NA,NA,NA,NA,NA,NA,NA,NA,NA,NA,NA,NA,NA,NA,NA,NA,NA,NA,NA,NA,NA,NA,NA,NA,NA,NA,NA,NA,NA,NA,NA,NA,NA,NA,NA,NA,NA,NA,NA,NA,NA,NA,NA,NA,NA,NA,NA,NA,NA,NA,NA,NA,NA,NA
1,13,2,9297,7765,721,5.748,1,0,86.498,9,183.484,10,200.498,4,205.483,4.231,150.731,63.744,6,0,0,0,0,0,0,52.51,6,0,20.739,5,248.246,6,217.479,6,6.228,0,0,15,1.004,1,0,0,0,0,0,1,1.494,4,16.749,6,34.262,5,29.477,4,183.745,5,12.738,11,73.75,9,174.482,0,0,0,0
1,14,1,8147,NA,NA,NA,NA,NA,NA,NA,NA,NA,NA,NA,NA,NA,NA,NA,NA,NA,NA,NA,NA,NA,NA,NA,NA,NA,NA,NA,NA,NA,NA,NA,NA,NA,NA,NA,NA,NA,NA,NA,NA,NA,NA,NA,NA,NA,NA,NA,NA,NA,NA,NA,NA,NA,NA,NA,NA,NA,NA,NA,NA,NA,NA
1,14,2,674,7712,713,0,0,0,29.991,3,228.249,5,261.289,2,270,0,64.786,8.708,2,0,0,0,0,11.751,2,28.993,3,0,27.753,3,242.241,4,241.001,4,4.537,0,0,20,0,0,0,0,18,0,0,0,0,3,28.993,0,0,2,8.708,5,232.29,0,0,3,29.991,7,203.737,0,0,11.751,0
1,15,1,803,NA,NA,NA,NA,NA,NA,NA,NA,NA,NA,NA,NA,NA,NA,NA,NA,NA,NA,NA,NA,NA,NA,NA,NA,NA,NA,NA,NA,NA,NA,NA,NA,NA,NA,NA,NA,NA,NA,NA,NA,NA,NA,NA,NA,NA,NA,NA,NA,NA,NA,NA,NA,NA,NA,NA,NA,NA,NA,NA,NA,NA,NA
1,15,2,8528,7804,693,0,0,0,43.996,5,218.99,7,235.739,5,270,0,144.002,34.253,4,1.247,1,0,0,5.754,1,11.5,2,0,11.251,2,258.745,3,258.496,3,0,0,0,17,0,0,0,0,0,0,0,0,0,1,2.254,2,9.245,5,25.005,5,233.484,2,8.751,6,35.242,7,216.49,0,0,5.754,0
1,16,1,680,NA,NA,NA,NA,NA,NA,NA,NA,NA,NA,NA,NA,NA,NA,NA,NA,NA,NA,NA,NA,NA,NA,NA,NA,NA,NA,NA,NA,NA,NA,NA,NA,NA,NA,NA,NA,NA,NA,NA,NA,NA,NA,NA,NA,NA,NA,NA,NA,NA,NA,NA,NA,NA,NA,NA,NA,NA,NA,NA,NA,NA,NA
1,16,2,609,7962,673,165.49,9,0,179.1,13,90.876,12,31.083,4,4.334,0,0.586,73.402,13,0,0,0,1,0,0,23.989,6,0,14.145,5,254.344,6,246.001,5,0,0,0,2,0,0,1.5,1,17,0,0,5,18.236,1,0.586,3,5.164,12,68.236,3,30.497,5,11.644,17,165.946,12,88.375,0,0,0,0
1,17,NA,NA,7924,765,NA,NA,NA,NA,NA,NA,NA,NA,NA,NA,NA,NA,NA,NA,NA,NA,NA,NA,NA,NA,NA,NA,NA,NA,NA,NA,NA,NA,NA,NA,NA,NA,NA,NA,NA,NA,NA,NA,NA,NA,NA,NA,NA,NA,NA,NA,NA,NA,NA,NA,NA,NA,NA,NA,NA,NA,NA,NA,NA,NA
1,18,NA,NA,7829,766,NA,NA,NA,NA,NA,NA,NA,NA,NA,NA,NA,NA,NA,NA,NA,NA,NA,NA,NA,NA,NA,NA,NA,NA,NA,NA,NA,NA,NA,NA,NA,NA,NA,NA,NA,NA,NA,NA,NA,NA,NA,NA,NA,NA,NA,NA,NA,NA,NA,NA,NA,NA,NA,NA,NA,NA,NA,NA,NA,NA
2,1,1,8927,4,691,5.95,1,0,10.499,1,191.9,6,256.546,2,7.633,0,3.133,7.5,2,0,0,0,0,67.59,5,30.192,2,0,35.153,6,231.839,5,239.804,3,39.334,0,0,15,2.197,1,0,0,0,0,0,0,0,2,28.543,1,1.648,2,5.851,3,228,2,0.999,1,9.498,6,175.051,0,0,67.59,0
2,1,2,8793,4,691,0,0,0,18.747,4,155.978,19,258.499,3,270,0,226.25,11.497,2,0,0,0,0,95.239,14,105.738,6,0,35.987,10,187.981,17,164.25,7,0,0,0,29,0,0,0,0,0,46,6,0,0,7,100.486,2,5.249,1,6.247,7,158.002,2,3.245,4,13.749,21,122.228,6,33.246,61.993,12.754
2,2,1,8759,14,747,0,0,0,22.98,2,240.965,5,270,1,270,0,270,0,0,0,0,0,0,6.047,2,22.248,2,0,51.124,9,191.34,13,247.748,3,42.399,0,0,16,0,0,0,0,3,27.511,4,0,0,2,22.248,0,0,0,0,3,247.748,1,1.499,3,21.479,14,167.109,1,0.501,5.546,27.01
2,2,2,8790,14,747,26.247,3,0,56.492,4,204.494,6,210.247,4,127.25,0,109.749,33.494,6,5.002,2,1,0,4,1,86.488,8,0,37.499,9,160.73,14,183.496,9,1.247,0,0,26,23.501,4,0,0,0,48.238,6,1,5.249,6,62.49,3,18.747,6,14.743,9,147.746,3,9.744,4,27.993,13,127.978,1,2.748,1.252,45.49
2,3,1,8928,18,680,18.998,2,0,56.1,5,196.634,8,196.485,3,216.734,0,172.236,54.508,5,0,0,0,3,17.252,2,68.75,5,4,43.238,7,204.242,10,201.24,6,7.486,0,0,28,10.25,1,0,0,0,12.251,2,2,10.245,4,46.501,5,11.998,4,42.506,4,149.979,3,13.989,6,42.107,11,159.128,1,0.753,16.499,11.498
2,3,2,8929,18,680,12.244,3,0,59.487,11,210.492,11,207.994,8,223,0,144.501,49.742,10,0,0,1,0,0,0,42.747,5,0,37.747,7,221.237,8,227.244,5,0.749,0,0,31,0,0,0,0,3,11.001,1,2,6.498,3,32.249,2,3.998,10,45.742,10,175.74,5,14.75,12,39.732,12,181.489,0,0,0,11.001
2,4,1,8779,7,728,15.747,1,0,24.507,3,241.986,4,236.742,1,238.995,0,236.742,17.508,2,0,0,0,0,3.5,1,29.994,6,0,18.732,7,211.002,11,239.994,7,35.492,0,0,22,0,0,0,0,0,40.245,4,0,0,6,29.994,0,0,2,17.508,7,206.736,0,0,1,2.505,11,207.996,0,0,3.5,40.245
2,4,2,8825,NA,NA,NA,NA,NA,NA,NA,NA,NA,NA,NA,NA,NA,NA,NA,NA,NA,NA,NA,NA,NA,NA,NA,NA,NA,NA,NA,NA,NA,NA,NA,NA,NA,NA,NA,NA,NA,NA,NA,NA,NA,NA,NA,NA,NA,NA,NA,NA,NA,NA,NA,NA,NA,NA,NA,NA,NA,NA,NA,NA,NA,NA
2,5,1,8927,10,751,30.495,3,0,53.739,5,190.143,10,157.744,4,186.348,18.1,66.103,81.747,8,0,0,0,2,26.1,4,13.741,3,1,5.747,3,208.989,8,256.253,4,20.599,0,0,15,0,0,0,0,0,55.25,4,2,3.25,1,1.746,2,8.743,8,73.002,5,155.996,2,3.749,6,40.736,9,168.246,4,26.1,0,29.15
2,5,2,8793,NA,NA,NA,NA,NA,NA,NA,NA,NA,NA,NA,NA,NA,NA,NA,NA,NA,NA,NA,NA,NA,NA,NA,NA,NA,NA,NA,NA,NA,NA,NA,NA,NA,NA,NA,NA,NA,NA,NA,NA,NA,NA,NA,NA,NA,NA,NA,NA,NA,NA,NA,NA,NA,NA,NA,NA,NA,NA,NA,NA,NA,NA
2,6,1,8759,5,691,7.503,1,0,24.239,5,219.254,9,250.244,3,172.255,0,166.257,12.247,3,0,0,0,0,26.491,3,90.249,7,0,61.998,9,172.738,11,179.739,6,15.76,0,0,7,30.24,3,0,0,0,5.001,1,0,0,8,82.239,2,8.007,2,4.239,6,167.994,2,4.74,3,17.504,15,144.231,0,0,26.491,5.001
2,6,2,8790,5,691,0,0,0,68.995,8,195.988,9,203.242,6,270,0,75.749,66.747,6,0,0,0,0,5,1,179.251,7,0,77.488,8,158.24,10,90.736,7,3.751,0,0,13,24,3,0,0,0,10.251,1,0,0,10,132.247,5,46.996,3,19.749,7,70.984,6,35.995,5,23.245,11,129.988,0,0,5,10.251
2,7,1,8928,11,592,21.477,2,0,134.96,8,131.525,9,108.022,5,222.026,0,58.026,140.489,6,0,0,0,2,3.498,1,105.741,6,0,87.734,10,182.246,11,164.247,7,14.029,0,0,15,0,0,0,0,0,0,0,1,10.502,3,25.743,8,69.49,8,70.989,4,82.277,7,58.49,9,76.462,12,102.275,0,0,3.498,0
2,7,2,8929,11,592,0,0,0,61.75,3,208.246,2,221.498,2,270,14.25,229.001,48.498,3,0,0,0,0,0,0,129.99,9,0,101.236,9,160.247,10,139.994,8,18.25,0,0,27,8.498,1,0,0,2,0,0,0,0,8,91.991,3,37.997,2,10.499,8,129.493,3,19.745,5,33.501,8,126.743,0,0,0,0
2,8,1,8779,12,592,0,0,0,40.007,5,229.983,6,223.502,5,270,0,15.761,46.49,4,0,0,1,0,0,0,92.257,9,0,106.995,10,162.986,10,177.726,9,48.508,0,0,8,0,0,0,0,0,0,0,0,0,9,76.005,3,16.249,4,30.238,10,147.483,3,26.503,3,13.503,12,149.478,0,0,0,0
2,8,2,8825,12,592,3.003,1,0,67.495,8,202.491,7,232.496,3,270,12.752,181.501,34.493,5,0,0,8,0,0,0,137.498,6,0,108.249,8,161.736,8,132.491,6,15.499,0,0,14,0,0,0,0,0,0,0,1,3.003,8,105.24,5,29.247,1,5.245,5,127.246,8,57.254,2,10.239,7,151.496,0,0,0,0
2,9,1,8927,21,770,0,0,0,9.423,3,225.317,10,263.499,2,270,0,215.429,6.499,1,0,0,1,0,35.241,7,45.001,1,0,68.917,5,201.074,5,224.997,2,11.677,0,0,23,0,0,0,0,0,0,0,0,0,1,41.002,1,3.998,1,2.5,2,222.496,3,8.674,1,0.748,9,180.573,0,0,35.241,0
2,9,2,8793,21,770,0,0,0,39,6,185.486,12,231.486,5,270,0,114.621,38.506,4,0,0,1,0,45.492,5,109.499,3,0,43.994,5,205.747,7,160.495,4,1.869,0,0,18,15.249,2,0,0,0,4.996,1,0,0,3,99.499,1,9.999,4,28.506,7,131.982,0,0,6,35.508,12,153.233,0,0,45.492,4.996
2,10,1,8759,2,772,4.241,1,0,92.481,10,173.697,11,197.498,5,270,7.242,19.741,68.25,6,0,0,0,3,3.801,1,153.895,8,0,43.244,8,198.739,8,116.091,7,35.743,0,0,8,28,2,0,0,1,0,0,1,4.241,7,101.65,6,47.998,5,20.247,7,95.839,4,24.745,10,55.732,12,142.993,0,0,3.801,0
2,10,2,8790,2,772,2.555,1,0,57.441,7,212.546,7,206.503,6,270,8.303,60.806,60.929,7,0,0,0,0,0,0,90.244,6,0,49.976,7,215.758,8,179.746,5,10.56,0,0,29,4.251,1,0,0,0,0,0,1,2.555,6,46.992,6,40.69,5,20.235,6,159.505,5,26.49,8,30.694,8,185.056,0,0,0,0
2,11,1,8928,13,775,72.873,9,0,112.685,18,157.28,18,89.995,8,29.798,19.298,23.798,107.099,17,0,0,0,0,0,0,62.197,2,1,53.499,5,207.243,6,207.8,2,145.046,0,0,4,9.247,1,0,0,0,0,0,2,12.446,2,19.747,5,29.997,15,77.099,6,70.248,6,19.251,17,84.181,17,123.034,0,0,0,0
2,11,2,8929,NA,NA,NA,NA,NA,NA,NA,NA,NA,NA,NA,NA,NA,NA,NA,NA,NA,NA,NA,NA,NA,NA,NA,NA,NA,NA,NA,NA,NA,NA,NA,NA,NA,NA,NA,NA,NA,NA,NA,NA,NA,NA,NA,NA,NA,NA,NA,NA,NA,NA,NA,NA,NA,NA,NA,NA,NA,NA,NA,NA,NA,NA
2,12,1,8779,3,772,46.369,5,0,71.919,8,198.065,9,168.312,6,110.162,0,85.354,55.299,10,0,0,0,0,0,0,104.729,7,0,85.214,9,208.797,9,165.257,8,6.586,0,0,9,34.776,1,0,0,0,0,0,4,22.846,6,51.919,7,29.954,7,25.341,8,116.385,5,23.781,8,63.692,13,145.093,0,0,0,0
2,12,2,8825,3,772,32.758,5,0,111.251,9,158.731,10,162.498,7,77.997,0,54.997,74.722,11,0,0,0,1,0,0,139.489,4,0,52.993,5,216.997,6,130.504,4,5.5,0,0,13,0,0,0,0,0,0,0,4,25.514,6,69.497,8,44.464,5,30.256,5,92.997,4,34.748,10,76.498,11,140.484,0,0,0,0
2,13,1,8927,9,751,0,0,0,7.251,2,225.489,10,260.996,4,270,0,73.749,8.998,3,6.494,3,0,0,30.747,5,111.239,3,0,48.494,9,193.974,12,158.755,4,3.251,0,0,14,25.754,1,1.756,1,0,0,0,0,0,6,102.235,3,8.998,0,0,4,158.755,0,0,1,3.001,14,176.209,0,0,30.747,0
2,13,2,8793,9,751,15.251,2,0,52.234,9,174.483,15,201.276,9,162.503,0,134.507,53.453,10,20.002,7,0,0,23.247,4,33.997,4,0,21.748,4,246.747,6,235.995,5,0,0,0,29,0,0,1.495,1,0,0,0,1,3.003,4,11.75,4,19.239,9,34.211,9,189.522,3,11.242,9,40.989,16,165.978,0,0,23.247,0
2,14,1,8759,15,747,18.496,2,0,49.239,11,220.739,12,233.75,4,11.189,0,9.189,17.744,5,0,0,0,0,0,0,43.185,5,0,60.498,6,207.302,7,226.806,5,86.689,0,0,26,2.187,1,0,0,2,0,0,0,0,5,43.185,0,0,5,17.744,8,190.556,3,4.745,10,44.492,15,162.792,0,0,0,0
2,14,2,8790,15,747,0,0,2,35.486,7,230.248,8,253.246,4,270,0.501,102.253,16.748,3,0,0,0,0,4.251,1,102.5,4,0,83.991,4,186.002,4,167.493,4,0.501,0,0,18,0,0,0,0,4,0,0,0,0,6,89.251,2,13.245,1,3.503,5,163.988,3,26.236,5,9.249,9,172.491,0,0,4.251,0
2,15,1,8928,19,680,15.748,2,0,60.997,5,208.993,6,186.748,4,136.002,0,100.504,67.494,5,0,0,0,3,0,0,184.25,6,0,77.751,7,185.236,7,85.739,6,10.999,0,0,10,6.999,1,0,0,1,0,0,2,15.748,8,107.998,6,60.494,1,6.998,5,78.741,2,22.748,4,38,10,147.229,0,0,0,0
2,15,2,8929,NA,NA,NA,NA,NA,NA,NA,NA,NA,NA,NA,NA,NA,NA,NA,NA,NA,NA,NA,NA,NA,NA,NA,NA,NA,NA,NA,NA,NA,NA,NA,NA,NA,NA,NA,NA,NA,NA,NA,NA,NA,NA,NA,NA,NA,NA,NA,NA,NA,NA,NA,NA,NA,NA,NA,NA,NA,NA,NA,NA,NA,NA
2,16,1,8779,1,775,52.742,5,0,89.482,10,178.497,11,179.24,4,95.25,0,91.75,38.002,8,2,1,0,0,0,0,118.253,6,0,102.495,9,147.489,11,151.735,7,0,0,0,5,15,1,0,0,0,4.995,1,4,13.996,6,85.496,6,18.751,4,19.249,5,93.737,5,37.996,7,41.744,12,104.736,0,0,0,4.995
2,16,2,8825,1,775,0,0,0,21.251,3,248.744,3,263.997,2,270,0,251.249,6,2,0,0,2,0,0,0,80.246,2,0,46.996,2,202.501,3,189.751,2,6.747,0,0,29,20.498,1,0,0,13,0,0,0,0,2,80.246,0,0,2,6,3,183.748,1,6.25,2,8.001,4,194.497,0,0,0,0
2,17,NA,NA,6,728,NA,NA,NA,NA,NA,NA,NA,NA,NA,NA,NA,NA,NA,NA,NA,NA,NA,NA,NA,NA,NA,NA,NA,NA,NA,NA,NA,NA,NA,NA,NA,NA,NA,NA,NA,NA,NA,NA,NA,NA,NA,NA,NA,NA,NA,NA,NA,NA,NA,NA,NA,NA,NA,NA,NA,NA,NA,NA,NA,NA
2,18,NA,NA,22,770,NA,NA,NA,NA,NA,NA,NA,NA,NA,NA,NA,NA,NA,NA,NA,NA,NA,NA,NA,NA,NA,NA,NA,NA,NA,NA,NA,NA,NA,NA,NA,NA,NA,NA,NA,NA,NA,NA,NA,NA,NA,NA,NA,NA,NA,NA,NA,NA,NA,NA,NA,NA,NA,NA,NA,NA,NA,NA,NA,NA
4,1,1,8686,8831,733,0,0,0,0,0,181.886,11,268.001,1,270,0,270,0,0,0,0,0,0,86.095,10,163.997,4,0,58.243,6,190.247,8,105.995,5,2.998,0,0,14,16.248,1,0,0,0,5.247,1,0,0,4,163.997,0,0,0,0,5,103.996,0,0,0,0,10,152.236,1,5.247,80.848,0
4,1,2,6412,8831,733,0,0,0,25,5,241.989,7,248.673,3,270,0,188.93,21.322,3,0,0,0,0,2.999,1,78.992,6,0,38.232,8,207.254,9,190.996,7,0.426,0,0,23,24.497,1,0,0,0,0,0,0,0,7,67.994,1,10.996,2,10.326,8,180.667,1,0.502,4,12.752,13,191.494,0,0,2.999,0
4,2,1,7913,8745,746,0,0,0,11.074,3,222.862,11,260.794,2,270,6.871,267.569,9.203,2,0,0,0,0,36.044,7,120.212,10,0,45.485,10,163.385,14,149.77,9,9.971,0,0,19,38.8,4,0,0,1,22.299,4,0,0,11,111.006,2,9.203,0,0,9,149.77,3,2.274,2,7.749,15,144.33,4,19.147,16.897,3.152
4,2,2,8859,8745,746,0,0,0,25.747,2,201.255,9,261.502,3,270,0,186.999,8.494,2,0,0,1,0,42.982,6,138.501,8,0,43.246,9,154.98,15,131.483,9,0,0,0,21,19.499,2,0,0,0,52.244,6,0,0,9,135.499,2,2.999,1,5.494,9,125.988,1,0.751,2,6.75,16,144.48,4,34.988,7.994,17.256
4,3,1,8818,8712,746,32.742,2,0,61.005,3,176.673,11,207.005,4,202.103,0,154.852,30.243,5,0,0,1,0,32.302,7,80.842,10,0,38.736,8,203.489,12,189.139,10,6.35,0,0,22,3.5,1,0,0,0,24.251,4,2,15.245,9,63.102,2,2.492,4,27.75,10,143.888,1,2,4,49.251,13,145.223,2,11.308,20.994,12.943
4,3,2,8834,8712,746,0,0,0,15.747,4,227.245,7,263,2,270,0,255.438,6.998,1,0,0,1,0,22.997,2,126.753,6,0,67.744,8,189.74,9,143.235,7,0,0,0,20,5.499,1,0,0,1,6.999,1,0,0,6,123.751,1,3.001,1,3.996,7,139.238,3,6.503,3,9.242,10,178.995,1,6.999,15.998,0
4,4,1,8923,8641,739,14.863,2,0,22.249,2,194.996,9,238.999,3,232.84,0,228.957,16.13,4,0,0,7,2,52.739,6,69.4,6,0,45.249,6,202.231,10,200.588,7,11.209,0,0,17,8.746,1,0,0,0,13.755,3,1,1.994,6,59.897,2,7.506,3,8.623,7,179.092,1,4.749,2,10.998,11,159.234,0,0,52.739,13.755
4,4,2,8622,8641,739,30.504,3,0,69.492,7,180.882,12,214.741,5,6.9,0,3.402,24.741,7,4.501,3,0,1,15.1,4,174.401,9,0,73.737,16,145.08,14,95.582,9,41.151,0,0,18,51.145,9,0,0,0,0,0,3,30.504,13,119.142,7,24.741,0,0,9,95.582,8,22.24,6,18.741,13,113.98,0,0,15.1,0
4,5,1,8686,8670,743,23.003,1,0,48.501,1,210.74,3,212.499,2,34.938,0,4.689,34.494,2,0,0,5,2,10.755,1,110.306,4,0,55.507,5,184.734,8,159.687,4,107.941,0,0,10,0,0,0,0,0,29.745,2,0,0,4,110.306,0,0,2,34.494,5,102.186,1,1.499,2,17.253,6,166.978,0,0,10.755,29.745
4,5,2,6412,8670,743,0,0,0,18.999,3,196.1,10,260.4,1,270,0,260.4,9.599,1,0,0,0,0,54.883,6,207.599,3,0,45.992,7,171.646,7,62.396,3,7.398,0,0,4,52.346,3,0,0,0,0,0,0,0,3,197.999,1,9.599,0,0,3,62.396,0,0,2,8.747,9,141.251,0,0,54.883,0
4,6,1,7913,8706,588,0,0,0,0,0,195.999,9,254.983,1,270,15.016,270,15.016,1,0,0,0,0,73.985,8,115.772,6,9,19.995,5,209.485,8,154.217,6,37.271,0,0,23,36.006,2,0,0,0,4.499,1,0,0,5,101.254,1,14.518,1,0.497,6,153.719,0,0,0,0,9,168.989,1,3.252,70.733,1.247
4,6,2,8859,8706,588,0,0,0,0,0,138.04,20,270,1,270,0,270,0,0,0,0,0,0,131.922,19,180.327,4,0,36.998,4,193.24,8,89.666,4,0,0,0,8,39.747,4,0,0,0,0,0,0,0,4,180.327,0,0,0,0,4,89.666,0,0,0,0,18,120.39,0,0,131.922,0
4,7,1,8818,8620,774,93.748,4,0,86.234,6,183.754,7,94.248,1,158.567,18.564,112.813,81.996,4,0,0,6,0,0,0,22.932,1,0,22.819,5,247.172,5,247.067,1,21.568,0,0,6,0,0,0,0,0,0,0,1,22.932,0,0,0,0,4,81.996,1,94.248,1,2.502,6,83.73,9,163.432,0,0,0,0
4,7,2,8834,8620,774,49.085,3,0,65.997,5,203.993,6,134.248,3,145.659,4.158,106.909,86.656,6,0,0,0,0,0,0,261.09,1,0,19.999,1,158.153,4,8.909,1,270,0,0,0,91.84,4,0,0,0,0,0,3,49.085,3,129.497,5,82.498,1,4.158,1,4.75,0,0,3,21.499,5,136.65,0,0,0,0
4,8,1,8923,8575,774,6.575,1,0,5.074,1,225.313,7,260.928,1,270,9.071,270,2.495,1,0,0,0,0,39.6,6,134.314,5,0,46.57,7,211.672,7,135.677,5,11.32,0,0,10,11.743,2,0,0,0,0,0,1,6.575,5,125.242,1,2.495,0,0,5,135.677,1,5.073,0,0,12,175.121,0,0,39.6,0
4,8,2,8622,8575,774,0,0,0,16.56,7,242.644,10,246.03,9,270,0,9.996,23.954,8,0,0,2,0,7.848,2,183.645,10,0,51.481,16,105.991,13,86.336,10,25.497,0,0,10,112.489,11,0,0,0,0,0,0,0,16,164.494,6,19.139,2,4.815,12,81.517,1,2.247,2,3.82,14,100.486,0,0,7.848,0
4,9,1,8686,8612,781,0,0,0,52.987,6,165.478,16,227.898,4,270,2.353,104.256,42.094,5,0,0,7,1,51.505,9,48.499,4,0,40.251,4,229.741,5,221.494,4,5.255,0,0,8,0,0,0,0,0,0,0,0,0,3,45.747,2,2.751,5,39.341,6,182.146,1,3.247,6,49.739,14,150.982,0,0,51.505,0
4,9,2,6412,8612,781,0,0,0,32.241,8,202.488,13,242.246,7,270,1.001,8.252,27.74,8,0,0,31,0,35.246,5,158.15,9,0,103.492,11,153.986,12,111.833,9,33.751,0,0,13,7.5,2,0,0,0,0,0,0,0,11,144.401,4,13.743,5,13.996,11,97.83,6,11.497,5,20.741,14,116.988,0,0,35.246,0
4,10,1,7913,8590,784,0,0,0,4.998,1,212.241,12,263.749,2,270,0,2.748,6.249,1,0,0,1,0,52.739,10,65.491,5,0,61.234,6,200.6,7,169.003,4,11.745,0,0,36,3.747,1,0,0,0,4.405,1,0,0,5,65.491,0,0,1,6.249,5,162.752,0,0,1,4.998,10,178.347,1,3.998,48.741,0.407
4,10,2,8859,8590,784,0,0,2,0,0,199.752,14,270,1,270,0,270,0,0,0,0,0,0,70.222,13,152.995,7,0,100.252,7,144.734,8,116.992,7,0.5,0,0,18,24.998,2,0,0,0,0,0,0,0,7,152.995,0,0,0,0,7,116.992,0,0,0,0,9,122.508,0,0,70.222,0
4,11,1,8818,8646,781,0,0,0,7.495,1,254.001,3,262.504,1,270,0,262.504,7.495,1,0,0,1,0,8.499,2,40.743,2,0,91.984,6,178.004,7,229.253,3,1.255,0,0,25,0,0,0,0,0,0,0,0,0,2,40.743,0,0,1,7.495,3,221.757,0,0,1,7.495,7,168.754,0,0,8.499,0
4,11,2,8834,8646,781,0,0,0,0,0,235.143,7,270,1,270,0,270,0,0,0,0,0,0,34.845,6,85.243,6,0,93.489,6,176.5,6,184.746,6,0,0,0,20,0,0,0,0,16,0,0,0,0,6,85.243,0,0,0,0,6,184.746,0,0,0,0,7,168.751,0,0,34.845,0
4,12,1,8923,8938,784,0,0,0,16.495,1,193.744,10,253.503,2,270,0,219.504,16.495,1,0,0,0,0,59.743,8,106.49,3,0,44.753,4,190.995,4,163.505,3,3.998,0,0,5,34.244,1,0,0,0,0,0,0,0,3,106.49,0,0,1,16.495,4,147.008,0,0,1,16.495,8,153.503,0,0,59.743,0
4,12,2,8622,8938,784,0,0,0,1.247,1,230.003,10,270,1,270,0,270,0,0,0,0,0,0,38.732,8,97.235,9,10,48.498,9,192.746,7,172.748,9,3.747,0,0,23,28.735,6,0,0,0,0,0,0,0,9,97.235,0,0,0,0,9,172.748,0,0,1,0.995,10,169.75,0,0,38.732,0
4,13,1,8686,8587,588,13.247,1,0,12.252,1,196.799,9,253.251,1,270,16.748,270,3.5,1,0,0,0,0,60.932,8,98.011,3,0,53.257,5,212.234,6,171.983,4,36.499,0,0,13,4.498,1,0,0,3,0,0,0,0,3,98.011,0,0,1,3.5,4,155.234,0,0,1,12.252,11,147.733,0,0,60.932,0
4,13,2,6412,8587,588,0,0,0,13.747,5,218.738,13,265.75,1,270,4.249,270,4.249,1,0,0,0,0,37.49,8,157.997,8,0,85.245,9,130.238,10,111.989,7,6,0,0,10,50.996,2,0,0,2,3.5,1,0,0,7,154.997,1,3,1,1.248,7,110.74,1,2.5,2,5.748,14,111.237,1,3.5,33.99,0
4,14,1,7913,8696,743,0,0,2,0,0,203.69,11,269.251,1,270,0.748,270,0.748,1,0,0,2,0,66.29,10,101.853,5,0,49.445,5,173.843,6,168.137,6,2.998,0,0,32,46.701,1,0,0,0,0,0,0,0,5,101.853,0,0,1,0.748,6,167.388,0,0,0,0,7,161.197,0,0,66.29,0
4,14,2,8859,8696,743,0,0,15,0,0,238.861,6,270,1,270,0,270,0,0,0,0,2,0,31.129,5,113.545,4,0,97.255,6,172.733,7,156.447,5,0,0,0,9,0,0,0,0,1,0,0,0,0,4,113.545,0,0,0,0,5,156.447,0,0,0,0,8,163.835,0,0,31.129,0
4,15,1,8818,8828,762,10.248,1,0,51.495,4,209.246,5,220.498,3,270,12.75,142.002,39.247,4,0,0,3,0,9.249,2,14.746,1,0,38.496,2,231.5,3,255.252,2,14.005,0,0,24,0,0,0,0,0,0,0,0,0,1,14.746,0,0,4,39.247,4,205.75,0,0,4,51.495,6,174.496,0,0,9.249,0
4,15,2,8834,8828,762,0,0,2,0,0,211.131,12,269.712,1,270,0.287,270,0.287,1,0,0,3,0,58.847,11,222.437,8,0,101.899,12,82.344,11,47.547,9,150.148,0,0,6,85.725,10,0,0,0,0,0,0,0,8,222.437,0,0,1,0.287,9,47.259,0,0,0,0,11,78.841,0,0,58.847,0
4,16,1,8923,8565,733,0,0,0,50.235,6,196.742,9,210.504,4,270,2.252,101.504,59.488,5,0,0,0,0,23.005,4,195.494,3,0,65.245,2,171.247,3,74.502,2,3.749,0,0,4,33.503,1,0,0,2,0,0,0,0,6,135.998,5,59.488,0,0,2,74.502,1,0.25,5,48.236,6,112.751,0,0,23.005,0
4,16,2,8622,8565,733,0,0,0,22.559,3,247.435,4,266.286,1,270,0,266.285,3.713,1,0,0,2,0,0,0,139.778,10,0,14.998,3,240.958,4,130.203,10,10.536,0,0,6,14.035,3,0,0,0,0,0,0,0,10,139.778,0,0,1,3.713,10,126.489,2,9.496,3,13.061,5,227.893,0,0,0,0
4,17,NA,NA,8776,762,NA,NA,NA,NA,NA,NA,NA,NA,NA,NA,NA,NA,NA,NA,NA,NA,NA,NA,NA,NA,NA,NA,NA,NA,NA,NA,NA,NA,NA,NA,NA,NA,NA,NA,NA,NA,NA,NA,NA,NA,NA,NA,NA,NA,NA,NA,NA,NA,NA,NA,NA,NA,NA,NA,NA,NA,NA,NA,NA,NA
4,18,NA,NA,8555,773,NA,NA,NA,NA,NA,NA,NA,NA,NA,NA,NA,NA,NA,NA,NA,NA,NA,NA,NA,NA,NA,NA,NA,NA,NA,NA,NA,NA,NA,NA,NA,NA,NA,NA,NA,NA,NA,NA,NA,NA,NA,NA,NA,NA,NA,NA,NA,NA,NA,NA,NA,NA,NA,NA,NA,NA,NA,NA,NA,NA
5,1,1,9116,7910,783,20.437,2,0,55.987,10,213.993,11,129.244,4,213.028,0,61.024,119.809,5,0,0,0,4,0,0,52.737,7,0,33.991,10,133.489,19,217.249,8,0,0,0,10,4.25,2,0,0,0,75.485,8,1,3.748,4,32.236,5,16.75,7,103.052,6,97.002,4,8.496,9,24.497,19,108.983,0,0,0,75.485
5,1,2,9104,7910,783,36.75,7,0,117.48,13,148.497,15,138.326,10,10.19,0,4.691,94.892,16,0,0,0,5,3.995,1,32.996,2,0,21.241,4,208.757,8,237,3,0,0,0,12,0,0,0,0,0,39.988,3,0,0,2,32.996,0,0,16,94.892,12,105.326,1,1.502,13,91.48,17,117.255,0,0,3.995,39.988
5,2,1,9128,7395,766,0,0,6,4.499,3,183.994,13,265.202,3,270,0,217.541,4.751,2,0,0,0,0,78.984,9,89.004,3,0,45.745,7,188.485,12,178.49,5,0,2.498,1,32,4.249,2,0,0,2,31.498,3,0,0,4,85.003,2,3.998,1,0.752,5,177.694,1,0.748,3,3.75,12,146.236,4,26.495,52.489,5.003
5,2,2,9199,7395,766,0,0,1,16.989,8,172.968,19,257.494,5,270,0,136.906,11.002,4,0,0,0,1,80.007,10,82.089,6,0,50.51,7,116.477,13,187.9,6,1.654,0,0,41,1.251,1,0,0,0,101.736,6,0,0,10,69.583,4,11.002,0,0,6,187.9,5,10.491,4,6.497,17,101.466,8,69.753,10.254,31.983
5,3,1,9030,9014,793,5.398,1,0,9.151,1,196.788,8,258.699,2,256.213,0.161,252.712,5.899,2,1.949,1,0,0,62.098,5,29.548,1,0,22.2,1,192.749,5,240.45,2,0.161,0,0,27,1.348,1,0,0,0,53.694,3,1,1.797,1,24.249,1,3.5,1,2.399,2,234.449,0,0,1,9.151,8,174.39,3,50.795,11.303,2.899
5,3,2,9087,9014,793,78.559,11,0,107.068,12,124.154,18,144.913,9,115.409,0,112.916,46.49,19,0.754,1,0,2,37.989,5,0,0,0,0,0,214.74,9,270,1,0,0,0,19,0,0,0,0,0,55.244,8,0,0,0,0,0,0,19,46.49,9,144.913,0,0,11,64.823,16,111.15,0,0,37.989,55.244
5,4,1,9070,9133,672,45.413,6,0,117.994,8,151.99,9,145.492,7,76.155,0,25.905,79.071,12,0,0,2,6,0,0,91.324,7,0,36.588,9,157.889,17,178.663,7,0,0,0,13,9.246,2,0,0,5,66.241,9,2,5.749,6,64.085,4,21.485,11,57.583,9,81.399,4,13.498,11,57.988,13,99.894,0,0,0,66.241
5,4,2,9176,9133,672,157.215,8,0,192.957,8,77.028,8,46.993,4,6.204,58.455,60.952,65.769,12,0,0,0,5,0,0,0,0,18,0,0,139.793,12,270,1,195.207,0,0,6,0,0,0,0,0,130.184,12,0,0,0,0,0,0,12,65.769,4,46.993,0,0,11,84.253,5,55.536,0,0,0,130.184
5,5,1,9116,8803,783,0,0,0,1,1,140.234,14,270,1,270,0,270,0,0,0,0,0,0,128.739,13,154.255,4,0,38.992,8,215.991,9,115.738,4,3.249,0,0,17,15,1,0,0,1,0,0,0,0,4,154.255,0,0,0,0,4,115.738,0,0,1,1,12,128.236,0,0,128.739,0
5,5,2,9104,8803,783,0,0,0,58.604,5,166.382,9,212.125,5,270,0,149.881,57.866,5,0,0,0,2,44.997,4,158.623,3,0,94.366,7,164.617,8,111.372,3,0,0,0,7,7.5,1,0,0,0,3.501,1,0,0,5,137.872,4,20.745,2,37.12,4,74.249,4,16.11,5,34.992,9,113.114,0,0,44.997,3.501
5,6,1,9128,9027,795,0,0,0,0,0,115.985,11,270,1,270,0,270,0,0,0,0,3,0,153.995,10,197.99,4,0,79.744,10,132.236,10,72.002,5,0,0,0,8,49.748,8,0,0,1,0,0,0,0,4,197.99,0,0,0,0,5,72.002,0,0,0,0,10,73.98,0,0,153.995,0
5,6,2,9199,9027,795,0,0,0,0,0,172.092,14,270,1,270,0,270,0,0,0,0,0,0,97.882,13,126.963,4,0,50.717,4,216.777,4,143.03,4,0,0,0,15,2.498,1,0,0,0,0,0,0,0,4,126.963,0,0,0,0,4,143.03,0,0,0,0,12,154.37,0,0,97.882,0
5,7,1,9030,9110,797,0,0,0,43.239,3,226.755,4,211.747,3,270,3.122,144.127,58.247,4,0,0,2,5,0,0,93.622,7,0,64.86,12,179.868,13,176.365,7,23.623,0,0,20,19.247,2,0,0,0,5.998,1,0,0,6,73.749,3,19.871,4,38.373,7,137.988,3,8.491,4,24.743,13,155.121,0,0,0,5.998
5,7,2,9087,9110,797,0,0,0,41.242,7,228.744,8,244.245,4,270,0,205.918,25.749,3,0,0,0,0,0,0,125.994,8,0,83.733,10,168.743,10,143.99,9,0,0,0,24,17.502,3,0,0,0,0,0,0,0,9,113.74,4,12.249,2,13.497,8,130.492,4,12.732,4,24.754,12,143.983,0,0,0,0
5,8,1,9070,9238,797,62.994,5,0,137.339,10,122.14,11,78.771,3,85.402,0,65.401,128.22,8,0,0,0,7,10.5,1,186.844,7,0,62.241,13,126.487,10,83.143,7,0,0,0,6,81.243,7,0,0,4,0,0,6,47.994,3,49.121,11,89.716,5,38.496,1,29.649,13,35.736,9,56.091,8,70.389,0,0,10.5,0
5,8,2,9176,9238,797,24.095,2,0,99.453,7,170.534,7,173.547,5,199.038,0,67.289,72.346,6,0,0,0,1,0,0,169.483,6,0,113.755,9,122.482,9,100.505,7,0,0,0,13,33.742,4,0,0,1,0,0,2,6.245,8,97.999,6,65.229,2,7.115,5,75.54,8,37.498,4,35.197,7,87.283,0,0,0,0
5,9,1,9116,9069,801,0,0,0,67.495,8,168.932,15,210.058,5,270,0,144.041,59.934,4,2.046,2,38,6,31.498,5,203.466,1,0,16.997,2,229.501,3,66.533,1,0,0,0,8,23.497,1,0,0,0,0,0,0,0,5,143.524,4,59.934,0,0,1,66.533,0,0,7,63.491,14,148.94,0,0,31.498,0
5,9,2,9104,9069,801,0,0,0,38.001,7,212.484,12,242.484,5,270,0,88.113,27.508,4,2.99,2,17,2,16.501,4,186.378,3,0,185.89,3,84.105,3,83.617,3,0,0,0,2,0,0,0,0,0,0,0,0,0,6,167.36,4,19.011,1,8.496,3,75.12,6,33.004,2,4.996,5,72.609,0,0,16.501,0
5,10,NA,NA,9172,798,NA,NA,NA,NA,NA,NA,NA,NA,NA,NA,NA,NA,NA,NA,NA,NA,NA,NA,NA,NA,NA,NA,NA,NA,NA,NA,NA,NA,NA,NA,NA,NA,NA,NA,NA,NA,NA,NA,NA,NA,NA,NA,NA,NA,NA,NA,NA,NA,NA,NA,NA,NA,NA,NA,NA,NA,NA,NA,NA,NA
5,11,1,9030,9095,801,0,0,0,5.056,2,241.186,5,267.249,2,270,0,241.813,2.749,1,0,0,5,0,23.749,3,60.999,3,0,71.997,3,182.494,4,208.995,4,2.06,0,0,41,15.506,1,0,0,0,0,0,0,0,4,58.248,1,2.749,0,0,4,208.995,0,0,2,5.056,5,177.435,0,0,23.749,0
5,11,2,9087,9095,801,0,0,0,7.005,3,239.971,9,264.999,2,270,0,256.917,4.999,1,0,0,0,0,23.008,5,117.505,9,0,47.989,10,214.735,10,152.477,10,0,0,0,19,4.009,2,0,0,0,0,0,0,0,9,113.746,1,3.758,1,1.24,10,151.236,2,3.999,2,3.005,12,201.977,0,0,23.008,0
5,12,1,9070,9080,800,0.456,1,0,8.496,3,238.24,8,258.508,2,270,4.202,239.961,11.031,3,0,0,0,1,23.25,4,131.983,7,0,111.999,9,128.727,10,138.005,6,7.279,0,0,21,29.253,3,0,0,0,0,0,1,0.456,7,120.99,3,10.533,1,0.497,6,137.507,1,4.496,1,1.501,11,125.474,0,0,23.25,0
5,12,2,9176,9080,800,0,0,0,7.006,2,221.979,11,268.001,2,270,0,216.523,1.997,1,6.501,3,1,0,34.493,6,74.973,6,0,51.731,6,183.007,8,195.016,6,0,0,0,17,16.999,1,0,0,0,18.247,2,0,0,7,72.974,1,1.997,0,0,6,195.016,2,7.006,0,0,11,160.25,1,8.494,25.999,9.753
5,13,1,9116,9130,795,0,0,0,17.546,2,216.936,8,244.751,2,270,0,229.175,25.247,1,0,0,5,1,35.504,5,108.095,4,0,26.5,3,221.394,4,161.899,3,9.423,0,0,20,22.099,1,0,0,0,0,0,0,0,5,82.846,1,25.247,0,0,3,161.899,0,0,2,17.546,8,190.588,0,0,35.504,0
5,13,2,9104,9130,795,0,0,1,8.506,3,233.189,11,262.011,3,270,0,84.899,7.985,2,4.292,3,0,1,23.993,4,140.764,6,0,104.494,6,131.476,10,129.224,7,0,0,0,10,27.007,4,0,0,0,7.003,1,0,0,8,132.775,2,7.985,0,0,7,129.224,2,3.507,2,4.998,12,121.726,0,0,23.993,7.003
5,14,1,9128,7848,766,5.855,1,0,0,0,128.849,11,260.643,1,270,9.356,270,3.5,1,0,0,0,0,141.13,11,151.128,3,0,53.186,5,184.308,5,118.867,3,18.604,0,0,10,32.495,2,0,0,0,0,0,0,0,3,151.128,0,0,1,3.5,3,109.51,0,0,0,0,8,114.603,0,0,141.13,0
5,14,2,9087,7848,766,0,0,0,9.622,2,182.864,10,266.876,1,270,0,266.876,3.123,1,0,0,1,1,77.495,8,24.755,4,0,12.996,5,247.995,8,245.237,5,0,0,0,29,0,0,0,0,0,8.995,2,0,0,4,24.755,0,0,1,3.123,5,242.113,0,0,2,9.622,14,171.365,1,3.996,73.499,4.999
5,15,1,9030,9036,793,3.267,1,0,37.263,5,172.21,9,245.229,3,270,0,186.523,20.999,3,1.751,1,3,0,58.757,5,58.501,3,0,29.277,4,190.736,8,211.493,4,7.769,0,0,16,6,1,0,0,0,43.97,5,0,0,4,46.501,1,11.499,2,9.5,5,198.722,2,5.02,5,25.741,12,125.725,1,9.251,49.506,34.719
5,15,2,9199,9036,793,0,0,0,34.484,6,214,10,240.247,4,270,0,122.745,29.746,4,0,0,0,1,21.497,4,27.701,3,0,34.73,4,235.263,4,242.294,3,0,0,0,25,0,0,0,0,2,0,0,0,0,3,19.955,1,7.745,3,22.001,6,220.287,1,8.001,5,26.483,13,187.265,0,0,21.497,0
5,16,1,9116,9043,757,0,0,0,1.498,1,214.498,8,270,1,270,0,270,0,0,0.498,1,8,0,53.492,5,159.481,6,0,116.504,8,115.986,9,110.507,7,0,0,0,19,37.49,4,0,0,0,0,0,0,0,6,159.481,0,0,0,0,7,110.507,1,1.498,0,0,10,99.983,0,0,53.492,0
5,16,2,9176,9043,757,0,0,0,5.641,2,264.356,2,270,1,270,0,270,0,0,0,0,1,0,0,0,72.737,4,0,45.496,6,222.492,7,197.255,5,0,0,0,15,1.999,1,0,0,0,0,0,0,0,4,72.737,0,0,0,0,5,197.255,1,3.748,1,1.893,7,220.598,0,0,0,0
5,17,1,9128,7773,757,0,0,0,1.498,1,180.491,8,269.002,1,270,0,269.202,0.797,1,0,0,4,0,87.996,7,76.743,1,0,23.996,1,192.003,1,193.256,1,1.001,0,0,30,53.999,1,0,0,0,0,0,0,0,1,75.745,1,0.797,0,0,1,193.256,0,0,0,0,6,136.497,0,0,87.996,0
5,17,2,9199,7773,757,37.555,3,0,56.05,4,213.943,4,195.932,2,204.443,0,187.942,36.505,4,0,0,0,4,0,0,141.746,3,0,126.242,6,127.49,6,128.248,4,0,0,0,4,11.001,3,0,0,0,5.252,1,1,0.497,3,121.496,2,19.75,3,16.754,3,74.432,1,15.751,4,36.3,7,91.185,0,0,0,5.252
5,18,NA,NA,9112,672,NA,NA,NA,NA,NA,NA,NA,NA,NA,NA,NA,NA,NA,NA,NA,NA,NA,NA,NA,NA,NA,NA,NA,NA,NA,NA,NA,NA,NA,NA,NA,NA,NA,NA,NA,NA,NA,NA,NA,NA,NA,NA,NA,NA,NA,NA,NA,NA,NA,NA,NA,NA,NA,NA,NA,NA,NA,NA,NA,NA
6,1,1,8556,9233,808,0,0,12,25.251,2,194.143,11,244.996,3,270,0,197.594,25,2,0,0,0,0,50.586,8,168.984,6,0,51.009,6,132.971,9,101.004,7,0,0,0,13,77.999,5,0,0,0,8.001,1,0,0,6,152.988,2,15.994,2,9.004,7,91.998,1,1.749,2,5.494,10,100.975,0,0,50.586,8.001
6,1,2,8629,9233,808,0,0,1,21.365,7,144.109,14,254.504,6,270,0,161.632,15.486,5,0,0,0,0,100.497,7,84.359,5,1,33.505,5,92.713,11,185.632,5,0,0,0,37,54.496,2,0,0,0,89.264,5,0,0,9,70.113,5,14.237,1,1.248,5,184.383,1,2.252,3,2.109,11,81.354,5,84.244,16.253,5.02
6,2,1,8579,8548,804,0,0,0,35.497,3,133.743,13,227.242,4,270,0,2.561,42.752,3,0,0,0,3,100.736,9,134,6,0,59.238,9,134.235,13,135.988,7,28.816,0,0,18,42.004,4,0,0,0,34.494,4,0,0,5,130.243,2,3.756,4,38.993,8,96.99,2,4.252,4,17.737,11,89.255,2,15.245,85.491,19.249
6,2,2,9032,8548,804,0,0,0,56.965,11,175.774,16,194.23,9,270,0,74.523,75.754,8,1.253,1,0,2,35.975,6,106.212,13,0,42.712,13,129.257,19,163.763,13,0,0,0,20,57.993,4,0,0,0,39.995,8,0,0,13,63.958,6,42.248,8,33.5,15,130.253,5,5.723,9,23.988,18,98.514,4,19.986,15.989,20.009
6,3,1,8632,8572,804,0,0,0,0,0,165.209,13,270,1,270,0,270,0,0,0,0,0,0,104.767,12,70.987,7,0,57.99,12,207.985,13,198.999,8,0.238,0,0,11,3.999,2,0,0,0,0,0,0,0,7,70.987,0,0,0,0,8,198.999,0,0,0,0,19,123.445,0,0,104.767,0
6,3,2,8522,8572,804,0,0,0,12.995,2,210.251,10,265.246,2,270,0,143.748,4.752,1,0,0,5,0,46.736,7,143.999,9,1,49.254,12,180.463,14,118.231,9,0,0,0,23,33.255,5,0,0,0,12.493,2,0,0,9,143.999,0,0,1,4.752,10,113.477,0,0,2,12.995,16,137.735,1,6.747,39.989,5.746
6,4,1,8595,8653,728,0,0,0,26.992,2,243.005,2,247.75,1,270,0,247.75,22.249,1,0,0,0,1,0,0,61.012,4,0,29.259,6,191.738,6,208.98,5,34.005,0,0,24,27.742,4,0,0,0,21.245,1,0,0,4,61.012,0,0,1,22.249,5,186.73,0,0,2,5.746,7,185.989,0,0,0,21.245
6,4,2,8824,8653,728,0,0,0,55.975,3,214.02,3,233.12,2,270,0,172.775,36.877,2,0,0,0,3,0,0,115.25,8,0,55.502,9,190.735,9,154.734,9,0,0,0,27,23.743,3,0,0,0,0,0,0,0,7,92.095,2,23.154,3,13.72,8,141.012,3,18.251,4,28.97,8,161.762,0,0,0,0
6,5,1,8556,9166,810,0,0,0,5.997,2,191.259,11,251.004,2,270,6.5,190.251,18.993,2,0,0,0,0,72.724,8,232.254,3,0,118.241,6,62.249,3,37.741,3,10.748,0,0,4,89.497,5,0,0,0,0,0,0,0,4,219.759,1,12.493,1,6.5,3,31.24,2,4.496,0,0,4,53.999,0,0,72.724,0
6,5,2,8629,9166,810,0,0,0,0,0,191.72,11,270,1,270,0,270,0,0,0,0,2,0,78.26,10,184.188,5,3,31.483,8,120.812,10,85.803,5,0,0,0,17,117.683,5,0,0,0,0,0,0,0,5,184.188,0,0,0,0,5,85.803,0,0,0,0,11,106.795,0,0,78.26,0
6,6,1,8579,8971,806,0,0,20,0,0,180.239,10,270,1,270,0,270,0,0,0,0,0,0,89.743,9,182.495,6,0,107.999,10,117.25,9,87.495,5,47.754,0,0,12,44.729,4,0,0,0,0,0,0,0,6,182.495,0,0,0,0,5,87.495,0,0,0,0,10,97.493,0,0,89.743,0
6,6,2,9032,8971,806,0,0,1,13.219,2,164.521,7,263.975,1,270,0,263.975,6.024,1,0,0,0,1,92.247,5,175.004,4,0,34.77,4,102.997,4,94.99,3,68.23,0,0,19,132.221,5,0,0,0,0,0,0,0,4,168.979,1,6.024,0,0,3,94.99,1,7.018,0,0,5,94.246,0,0,92.247,0
6,7,NA,NA,8564,776,NA,NA,NA,NA,NA,NA,NA,NA,NA,NA,NA,NA,NA,NA,NA,NA,NA,NA,NA,NA,NA,NA,NA,NA,NA,NA,NA,NA,NA,NA,NA,NA,NA,NA,NA,NA,NA,NA,NA,NA,NA,NA,NA,NA,NA,NA,NA,NA,NA,NA,NA,NA,NA,NA,NA,NA,NA,NA,NA,NA
6,8,1,8595,8672,813,0,0,0,10.497,2,235.992,6,256.508,3,270,0,176.504,13.488,2,0,0,0,0,23.501,3,206.248,4,0,44.999,10,108.242,9,63.745,4,0,0,0,12,116.736,5,0,0,0,0,0,0,0,6,192.756,2,13.488,0,0,4,63.745,0,0,0,0,8,104.248,0,0,23.501,0
6,8,2,8824,8672,813,0,0,0,25.747,3,210.734,10,240.498,3,270,0,177.044,25.752,2,3.755,2,1,0,26.997,6,193.493,4,0,99.493,8,139.245,10,76.499,5,2.295,0,0,13,31.241,4,0,0,0,0,0,0,0,5,185.242,2,8.248,1,17.503,5,55.249,2,2.751,2,19.996,10,109.493,0,0,26.997,0
6,9,1,8556,8530,775,0,0,2,0,0,131.244,13,265.552,1,270,4.447,270,4.447,1,0,0,0,0,138.732,12,209.547,4,0,44.733,7,56.001,6,60.446,4,27.196,0,0,3,169.251,3,0,0,0,0,0,0,0,4,209.547,0,0,1,4.447,4,55.998,0,0,0,0,4,47.256,0,0,138.732,0
6,9,2,8629,8530,775,0,0,3,1.417,1,198.55,10,270,1,270,0,270,0,0,0,0,0,0,63.266,9,92.256,4,0,59.495,4,173.988,5,177.737,4,44.012,0,0,22,36.508,1,0,0,1,0,0,0,0,4,92.256,0,0,0,0,4,177.737,0,0,1,1.417,8,157.558,0,0,63.266,0
6,10,1,8579,9100,772,0,0,4,0,0,254.49,4,270,1,270,0,270,0,0,0,0,2,0,15.504,3,107.714,4,0,91.247,7,128.493,7,162.279,4,0,0,0,8,50.245,2,0,0,0,0,0,0,0,4,107.714,0,0,0,0,4,162.279,0,0,0,0,7,122.991,0,0,15.504,0
6,10,2,9032,9100,772,0,0,3,0,0,251.984,4,270,1,270,0,270,0,0,0,0,0,0,18.009,4,101.506,5,0,43.736,4,174.489,5,168.485,5,0,0,0,20,51.763,4,0,0,0,0,0,0,0,5,101.506,0,0,0,0,5,168.485,0,0,0,0,6,168.992,0,0,18.009,0
6,11,1,8632,8623,775,14.255,1,0,52.837,4,191.9,7,163.503,2,218.912,1.163,150.417,92.236,4,0,0,25,2,25.25,3,127.068,6,0,143.471,9,99.177,10,142.921,6,4.164,0,0,5,16.329,3,0,0,1,11,2,2,4.501,4,68.488,4,54.075,3,38.158,4,95.009,4,36.494,3,15.757,10,83.166,0,0,25.25,11
6,11,2,8522,8623,775,68.815,8,0,103.041,9,166.942,9,111.682,5,46.183,0,39.183,89.479,12,0,0,3,1,0,0,66.99,5,10,27.243,8,185.489,13,203,6,0,0,0,5,29.484,5,0,0,0,27.754,5,3,13.246,4,37.744,5,15.993,10,73.483,6,73.933,1,1.501,10,67.809,15,117.668,0,0,0,27.754
6,12,1,8595,8515,772,34.241,2,0,70.13,7,181.105,7,190.357,4,67.608,0,60.36,33.141,6,0,0,2,2,0,0,135.244,9,0,91.496,10,144.598,11,134.74,8,2.357,0,0,12,25.39,2,0,0,0,8.493,1,1,16.748,9,96.602,5,19.388,3,13.751,6,93.744,4,28.748,5,27.243,12,99.348,0,0,0,8.493
6,12,2,8824,8515,772,74.747,5,0,105.465,10,164.516,10,129.085,6,13.64,0,8.637,66.148,10,0,0,7,0,0,0,19.745,2,0,5.109,1,258.141,2,250.253,1,24.637,0,0,11,0,0,0,0,0,6.747,1,1,2.499,2,10.992,2,6.251,9,59.896,4,118.093,0,0,10,102.965,9,155.159,0,0,0,6.747
6,13,1,8556,9089,806,0,0,0,5.003,1,155.484,12,257.999,2,270,0,196.751,11.999,1,0,0,0,1,109.491,10,138.757,4,0,47.757,4,171.486,5,131.235,5,0,0,0,12,50.748,1,0,0,0,0,0,0,0,5,126.756,1,11.999,0,0,5,131.235,0,0,1,5.003,9,129.98,0,0,109.491,0
6,13,2,8629,9089,806,0,0,0,28.494,8,217.225,12,230.746,7,270,0,105.045,39.242,6,4.754,2,9,0,19.502,4,80.241,10,0,41.493,9,206.242,10,189.739,11,0,0,0,29,16.748,2,0,0,0,5.496,1,0,0,11,67.99,4,12.246,5,26.993,13,162.739,3,4.507,6,20.742,13,173.73,0,0,19.502,5.496
6,14,1,8579,8596,810,0,0,0,0,0,138.925,14,268.203,1,270,1.796,270,1.796,1,0,0,0,0,131.049,13,110.743,5,0,90.238,7,142.118,6,159.249,4,9.119,0,0,9,37.63,2,0,0,0,0,0,0,0,5,108.946,1,1.796,0,0,4,159.249,0,0,0,0,9,91.372,0,0,131.049,0
6,14,2,9032,8596,810,0,0,5,3,1,204.271,13,267.501,2,270,0,165.714,2.497,1,0,0,1,0,62.704,12,117.462,3,0,28.753,4,182.584,6,152.533,3,32.715,0,0,11,58.65,4,0,0,0,0,0,0,0,4,114.963,1,2.497,0,0,3,152.533,1,2.502,1,0.497,10,159.833,0,0,62.704,0
6,15,1,8632,9135,809,39.052,3,0,64.521,5,154.951,10,203.716,5,86.974,0,80.974,27.217,8,0,0,0,1,50.509,5,195.008,5,0,115.743,12,104.232,12,74.983,5,3.726,0,0,2,42.497,3,0,0,0,7.501,1,3,24.05,7,147.728,6,23.219,2,3.998,6,55.98,5,22.993,6,34.265,9,58.22,0,0,50.509,7.501
6,15,2,8522,9135,809,0,0,0,9.498,4,245.742,7,270,1,270,0,270,0,0,0,0,0,0,14.748,2,85.069,3,2,23.24,4,186.741,6,184.926,3,0,0,0,21,45.25,2,0,0,0,14.756,2,0,0,3,85.069,0,0,0,0,3,184.926,1,1.751,1,1.501,7,185.238,2,12.754,1.994,2.002
6,16,1,8595,9180,808,0,0,0,38.253,3,154.99,13,270,1,270,0,270,0,0,0,0,0,0,76.734,9,147.125,5,0,88.367,8,143.113,8,122.866,5,5.121,0,0,3,38.502,3,0,0,0,0,0,0,0,5,147.125,0,0,0,0,5,122.866,1,20.999,3,17.253,9,110.352,0,0,76.734,0
6,16,2,8824,9180,808,0,0,0,17.989,6,213.494,13,251.994,6,270,0,116.81,17.996,5,0,0,0,0,38.492,7,163.803,2,0,103.3,4,151.946,4,106.194,2,4.057,0,0,22,14.746,1,0,0,0,0,0,0,0,7,145.797,5,17.996,0,0,2,106.194,5,12.492,2,3.748,6,133.688,0,0,38.492,0
6,17,NA,NA,8557,776,NA,NA,NA,NA,NA,NA,NA,NA,NA,NA,NA,NA,NA,NA,NA,NA,NA,NA,NA,NA,NA,NA,NA,NA,NA,NA,NA,NA,NA,NA,NA,NA,NA,NA,NA,NA,NA,NA,NA,NA,NA,NA,NA,NA,NA,NA,NA,NA,NA,NA,NA,NA,NA,NA,NA,NA,NA,NA,NA,NA
6,18,1,8632,9028,813,0,0,3,0,0,120.477,20,270,1,270,0,270,0,0,0,0,0,0,149.484,20,186.498,4,0,151.486,12,79.743,12,83.495,4,270,0,0,0,38.747,1,0,0,0,0,0,0,0,4,186.498,0,0,0,0,4,83.495,0,0,0,0,13,36.237,0,0,149.484,0
6,18,2,8522,9028,813,0,0,0,0,0,188.482,17,270,1,270,0,270,0,0,0,0,0,0,81.486,16,155.609,8,5,42.499,12,135.115,13,114.376,8,0,0,0,23,88.603,8,0,0,0,3.75,1,0,0,8,155.609,0,0,0,0,8,114.376,0,0,0,0,15,117.374,1,2.75,78.736,1
